Product_Code,Warehouse,Product_Category,Date,Order_Demand
Product_0993,Whse_J,Category_028,2012/7/27,100 
Product_0979,Whse_J,Category_028,2012/1/19,500 
Product_0979,Whse_J,Category_028,2012/2/3,500 
Product_0979,Whse_J,Category_028,2012/2/9,500 
Product_0979,Whse_J,Category_028,2012/3/2,500 
Product_0979,Whse_J,Category_028,2012/4/19,500 
Product_0979,Whse_J,Category_028,2012/6/5,500 
Product_0979,Whse_J,Category_028,2012/6/27,500 
Product_0979,Whse_J,Category_028,2012/7/23,500 
Product_0979,Whse_J,Category_028,2012/8/29,500 
Product_0979,Whse_J,Category_028,2012/8/29,500 
Product_0979,Whse_J,Category_028,2012/9/18,500 
Product_0979,Whse_J,Category_028,2012/10/11,500 
Product_0979,Whse_J,Category_028,2012/11/1,500 
Product_0979,Whse_J,Category_028,2012/11/29,500 
Product_0979,Whse_J,Category_028,2012/12/26,500 
Product_1159,Whse_J,Category_006,2012/1/6,50000 
Product_1159,Whse_J,Category_006,2012/1/18,100000 
Product_1159,Whse_J,Category_006,2012/2/2,50000 
Product_1159,Whse_J,Category_006,2012/2/22,50000 
Product_1159,Whse_J,Category_006,2012/3/2,50000 
Product_1159,Whse_J,Category_006,2012/3/9,50000 
Product_1159,Whse_J,Category_006,2012/3/23,50000 
Product_1159,Whse_J,Category_006,2012/4/6,50000 
Product_1159,Whse_J,Category_006,2012/4/16,50000 
Product_1159,Whse_J,Category_006,2012/5/7,50000 
Product_1159,Whse_J,Category_006,2012/4/17,50000 
Product_1159,Whse_J,Category_006,2012/5/30,50000 
Product_1159,Whse_J,Category_006,2012/6/20,50000 
Product_1159,Whse_J,Category_006,2012/6/29,50000 
Product_1159,Whse_J,Category_006,2012/7/9,50000 
Product_1159,Whse_J,Category_006,2012/7/17,50000 
Product_1159,Whse_J,Category_006,2012/7/30,50000 
Product_1159,Whse_J,Category_006,2012/8/27,50000 
Product_1159,Whse_J,Category_006,2012/7/31,50000 
Product_1159,Whse_J,Category_006,2012/8/6,50000 
Product_1159,Whse_J,Category_006,2012/9/4,50000 
Product_1159,Whse_J,Category_006,2012/9/18,50000 
Product_1159,Whse_J,Category_006,2012/8/30,50000 
Product_1159,Whse_J,Category_006,2012/8/30,50000 
Product_1159,Whse_J,Category_006,2012/9/12,50000 
Product_1159,Whse_J,Category_006,2012/9/25,50000 
Product_1159,Whse_J,Category_006,2012/10/1,100000 
Product_1159,Whse_J,Category_006,2012/10/10,50000 
Product_1159,Whse_J,Category_006,2012/10/18,100000 
Product_1159,Whse_J,Category_006,2012/10/25,50000 
Product_1159,Whse_J,Category_006,2012/11/1,50000 
Product_1938,Whse_J,Category_001,2012/6/6,4 
Product_1938,Whse_J,Category_001,2012/7/13,4 
Product_1938,Whse_J,Category_001,2012/12/13,4 
Product_1157,Whse_J,Category_006,2012/3/8,150000 
Product_1157,Whse_J,Category_006,2012/3/8,150000 
Product_1157,Whse_J,Category_006,2012/4/23,150000 
Product_1157,Whse_J,Category_006,2012/5/23,150000 
Product_1157,Whse_J,Category_006,2012/6/4,160000 
Product_1157,Whse_J,Category_006,2012/6/4,160000 
Product_1157,Whse_J,Category_006,2012/8/9,160000 
Product_1157,Whse_J,Category_006,2012/8/20,160000 
Product_1157,Whse_J,Category_006,2012/9/10,160000 
Product_1157,Whse_J,Category_006,2012/10/19,160000 
Product_1157,Whse_J,Category_006,2012/9/28,160000 
Product_1157,Whse_J,Category_006,2012/11/19,160000 
Product_1157,Whse_J,Category_006,2012/12/19,160000 
Product_1234,Whse_J,Category_019,2012/4/25,1000 
Product_1451,Whse_J,Category_019,2012/1/12,1000 
Product_1274,Whse_J,Category_019,2012/1/16,1000 
Product_1274,Whse_J,Category_019,2012/1/24,1000 
Product_1274,Whse_J,Category_019,2012/1/24,1000 
Product_1512,Whse_J,Category_019,2012/1/25,20000 
Product_1512,Whse_J,Category_019,2012/2/1,20000 
Product_1512,Whse_J,Category_019,2012/2/15,20000 
Product_1274,Whse_J,Category_019,2012/1/31,1000 
Product_1274,Whse_J,Category_019,2012/2/7,1000 
Product_1274,Whse_J,Category_019,2012/2/13,1000 
Product_1274,Whse_J,Category_019,2012/2/15,1000 
Product_1274,Whse_J,Category_019,2012/2/21,2000 
Product_1451,Whse_J,Category_019,2012/2/28,1000 
Product_1274,Whse_J,Category_019,2012/3/6,1000 
Product_1274,Whse_J,Category_019,2012/3/12,1000 
Product_1512,Whse_J,Category_019,2012/3/21,20000 
Product_1274,Whse_J,Category_019,2012/3/27,1000 
Product_1512,Whse_J,Category_019,2012/3/27,20000 
Product_1512,Whse_J,Category_019,2012/3/30,10000 
Product_1512,Whse_J,Category_019,2012/3/30,10000 
Product_1512,Whse_J,Category_019,2012/4/12,30000 
Product_1512,Whse_J,Category_019,2012/4/20,20000 
Product_1274,Whse_J,Category_019,2012/4/2,1000 
Product_1274,Whse_J,Category_019,2012/4/9,1000 
Product_1451,Whse_J,Category_019,2012/4/23,1000 
Product_1512,Whse_J,Category_019,2012/4/27,20000 
Product_1512,Whse_J,Category_019,2012/5/23,40000 
Product_1274,Whse_J,Category_019,2012/5/1,1000 
Product_1274,Whse_J,Category_019,2012/5/22,1000 
Product_1451,Whse_J,Category_019,2012/5/29,1000 
Product_1274,Whse_J,Category_019,2012/6/4,1000 
Product_1512,Whse_J,Category_019,2012/6/15,30000 
Product_1512,Whse_J,Category_019,2012/6/20,30000 
Product_1512,Whse_J,Category_019,2012/7/4,30000 
Product_1274,Whse_J,Category_019,2012/6/19,1000 
Product_1451,Whse_J,Category_019,2012/6/26,1000 
Product_1274,Whse_J,Category_019,2012/6/27,1000 
Product_1274,Whse_J,Category_019,2012/7/4,1000 
Product_1512,Whse_J,Category_019,2012/7/23,30000 
Product_1512,Whse_J,Category_019,2012/8/3,30000 
Product_1512,Whse_J,Category_019,2012/8/22,30000 
Product_1274,Whse_J,Category_019,2012/7/24,1000 
Product_1451,Whse_J,Category_019,2012/7/24,1000 
Product_1274,Whse_J,Category_019,2012/8/7,1000 
Product_1274,Whse_J,Category_019,2012/8/21,1000 
Product_1274,Whse_J,Category_019,2012/8/28,1000 
Product_1274,Whse_J,Category_019,2012/9/3,1000 
Product_1451,Whse_J,Category_019,2012/9/10,1000 
Product_1512,Whse_J,Category_019,2012/9/12,60000 
Product_1512,Whse_J,Category_019,2012/9/25,30000 
Product_1512,Whse_J,Category_019,2012/10/11,30000 
Product_1274,Whse_J,Category_019,2012/9/25,1000 
Product_1451,Whse_J,Category_019,2012/10/9,1000 
Product_1274,Whse_J,Category_019,2012/10/12,1000 
Product_1274,Whse_J,Category_019,2012/10/16,1000 
Product_1274,Whse_J,Category_019,2012/11/6,1000 
Product_1512,Whse_J,Category_019,2012/11/14,30000 
Product_1512,Whse_J,Category_019,2012/11/22,30000 
Product_1512,Whse_J,Category_019,2012/12/12,30000 
Product_1512,Whse_J,Category_019,2012/12/27,30000 
Product_1451,Whse_J,Category_019,2012/12/3,1000 
Product_1274,Whse_J,Category_019,2012/12/18,1000 
Product_1970,Whse_J,Category_005,2012/2/7,28000 
Product_1970,Whse_J,Category_005,2012/3/1,4000 
Product_1970,Whse_J,Category_005,2012/3/22,28000 
Product_1970,Whse_J,Category_005,2012/3/22,9000 
Product_1970,Whse_J,Category_005,2012/4/18,4000 
Product_1970,Whse_J,Category_005,2012/4/23,2000 
Product_1970,Whse_J,Category_005,2012/5/2,1000 
Product_1970,Whse_J,Category_005,2012/5/22,23000 
Product_1970,Whse_J,Category_005,2012/5/23,1000 
Product_1970,Whse_J,Category_005,2012/5/30,1000 
Product_1970,Whse_J,Category_005,2012/6/11,26000 
Product_1970,Whse_J,Category_005,2012/6/27,1000 
Product_1970,Whse_J,Category_005,2012/7/23,35000 
Product_1970,Whse_J,Category_005,2012/7/23,2000 
Product_1970,Whse_J,Category_005,2012/7/23,36000 
Product_1970,Whse_J,Category_005,2012/7/26,2000 
Product_1970,Whse_J,Category_005,2012/7/31,1000 
Product_1970,Whse_J,Category_005,2012/8/6,15000 
Product_1970,Whse_J,Category_005,2012/8/21,7000 
Product_1970,Whse_J,Category_005,2012/9/18,42000 
Product_1970,Whse_J,Category_005,2012/9/6,45000 
Product_1970,Whse_J,Category_005,2012/9/24,1000 
Product_1970,Whse_J,Category_005,2012/10/12,16000 
Product_1970,Whse_J,Category_005,2012/10/15,2000 
Product_1970,Whse_J,Category_005,2012/10/23,2000 
Product_1970,Whse_J,Category_005,2012/11/20,1000 
Product_1970,Whse_J,Category_005,2012/11/15,2000 
Product_1970,Whse_J,Category_005,2012/11/29,3000 
Product_1970,Whse_J,Category_005,2012/12/19,1000 
Product_1970,Whse_J,Category_005,2012/12/19,2000 
Product_1372,Whse_J,Category_019,2012/1/6,600 
Product_1372,Whse_J,Category_019,2012/1/11,300 
Product_1372,Whse_J,Category_019,2012/1/19,1600 
Product_1372,Whse_J,Category_019,2012/1/24,900 
Product_1372,Whse_J,Category_019,2012/1/27,1300 
Product_1372,Whse_J,Category_019,2012/1/31,1600 
Product_1372,Whse_J,Category_019,2012/2/3,200 
Product_1372,Whse_J,Category_019,2012/2/7,1000 
Product_1372,Whse_J,Category_019,2012/2/17,1800 
Product_1372,Whse_J,Category_019,2012/3/2,1400 
Product_1372,Whse_J,Category_019,2012/3/5,100 
Product_1372,Whse_J,Category_019,2012/3/13,1400 
Product_1372,Whse_J,Category_019,2012/3/22,1200 
Product_1372,Whse_J,Category_019,2012/3/21,300 
Product_1372,Whse_J,Category_019,2012/3/22,400 
Product_1372,Whse_J,Category_019,2012/3/30,900 
Product_1372,Whse_J,Category_019,2012/4/3,300 
Product_1372,Whse_J,Category_019,2012/4/4,600 
Product_1372,Whse_J,Category_019,2012/4/4,800 
Product_1372,Whse_J,Category_019,2012/4/11,2700 
Product_1372,Whse_J,Category_019,2012/4/16,300 
Product_1372,Whse_J,Category_019,2012/4/20,300 
Product_1372,Whse_J,Category_019,2012/4/16,900 
Product_1372,Whse_J,Category_019,2012/4/17,200 
Product_1372,Whse_J,Category_019,2012/5/8,900 
Product_1372,Whse_J,Category_019,2012/5/7,500 
Product_1372,Whse_J,Category_019,2012/5/10,1300 
Product_1372,Whse_J,Category_019,2012/5/15,500 
Product_1372,Whse_J,Category_019,2012/5/21,100 
Product_1372,Whse_J,Category_019,2012/5/21,900 
Product_1372,Whse_J,Category_019,2012/5/24,1200 
Product_1372,Whse_J,Category_019,2012/5/28,1500 
Product_1372,Whse_J,Category_019,2012/5/29,600 
Product_1372,Whse_J,Category_019,2012/6/1,300 
Product_1372,Whse_J,Category_019,2012/5/31,400 
Product_1372,Whse_J,Category_019,2012/6/11,1600 
Product_1372,Whse_J,Category_019,2012/6/14,1300 
Product_1372,Whse_J,Category_019,2012/6/18,1900 
Product_1372,Whse_J,Category_019,2012/6/19,600 
Product_1372,Whse_J,Category_019,2012/6/26,100 
Product_1372,Whse_J,Category_019,2012/6/28,600 
Product_1372,Whse_J,Category_019,2012/7/9,500 
Product_1372,Whse_J,Category_019,2012/7/12,100 
Product_1372,Whse_J,Category_019,2012/7/17,600 
Product_1372,Whse_J,Category_019,2012/7/19,500 
Product_1372,Whse_J,Category_019,2012/7/25,200 
Product_1372,Whse_J,Category_019,2012/7/31,600 
Product_1372,Whse_J,Category_019,2012/8/6,800 
Product_1372,Whse_J,Category_019,2012/8/21,900 
Product_1372,Whse_J,Category_019,2012/8/6,300 
Product_1372,Whse_J,Category_019,2012/8/21,700 
Product_1372,Whse_J,Category_019,2012/9/3,300 
Product_1372,Whse_J,Category_019,2012/10/1,600 
Product_1372,Whse_J,Category_019,2012/9/28,1300 
Product_1372,Whse_J,Category_019,2012/11/2,200 
Product_1372,Whse_J,Category_019,2012/11/16,300 
Product_1372,Whse_J,Category_019,2012/12/3,100 
Product_1372,Whse_J,Category_019,2012/12/13,200 
Product_1372,Whse_J,Category_019,2012/12/25,900 
Product_1994,Whse_S,Category_019,2012/11/23,3000 
Product_0558,Whse_S,Category_030,2012/8/20,5000 
Product_0560,Whse_S,Category_030,2012/8/20,15000 
Product_0561,Whse_S,Category_030,2012/10/8,2000 
Product_1994,Whse_S,Category_019,2012/1/16,100 
Product_1994,Whse_S,Category_019,2012/9/18,300 
Product_1994,Whse_S,Category_019,2012/9/18,200 
Product_1183,Whse_S,Category_030,2012/1/4,2000 
Product_1184,Whse_S,Category_030,2012/1/4,2000 
Product_1184,Whse_S,Category_030,2012/3/1,5000 
Product_0561,Whse_S,Category_030,2012/8/2,100 
Product_0561,Whse_S,Category_030,2012/11/29,400 
Product_1150,Whse_J,Category_006,2012/1/26,60000 
Product_1150,Whse_J,Category_006,2012/2/2,30000 
Product_1150,Whse_J,Category_006,2012/2/16,30000 
Product_1150,Whse_J,Category_006,2012/2/21,30000 
Product_1150,Whse_J,Category_006,2012/2/23,10000 
Product_1150,Whse_J,Category_006,2012/4/12,10000 
Product_1173,Whse_J,Category_006,2012/3/22,5000 
Product_1150,Whse_J,Category_006,2012/4/19,10000 
Product_1150,Whse_J,Category_006,2012/5/10,10000 
Product_1173,Whse_J,Category_006,2012/5/2,5000 
Product_1150,Whse_J,Category_006,2012/5/31,20000 
Product_1150,Whse_J,Category_006,2012/5/21,10000 
Product_1150,Whse_J,Category_006,2012/6/7,10000 
Product_1150,Whse_J,Category_006,2012/5/31,40000 
Product_1150,Whse_J,Category_006,2012/6/5,10000 
Product_1150,Whse_J,Category_006,2012/6/7,10000 
Product_1150,Whse_J,Category_006,2012/6/14,30000 
Product_1150,Whse_J,Category_006,2012/6/21,30000 
Product_1150,Whse_J,Category_006,2012/6/26,20000 
Product_1150,Whse_J,Category_006,2012/7/5,30000 
Product_1150,Whse_J,Category_006,2012/7/17,20000 
Product_1150,Whse_J,Category_006,2012/7/26,30000 
Product_1150,Whse_J,Category_006,2012/8/1,35000 
Product_1150,Whse_J,Category_006,2012/8/1,5000 
Product_1150,Whse_J,Category_006,2012/8/23,20000 
Product_1150,Whse_J,Category_006,2012/8/31,10000 
Product_1150,Whse_J,Category_006,2012/9/20,30000 
Product_1150,Whse_J,Category_006,2012/9/20,20000 
Product_1150,Whse_J,Category_006,2012/9/25,20000 
Product_1150,Whse_J,Category_006,2012/10/4,40000 
Product_1150,Whse_J,Category_006,2012/10/11,30000 
Product_1150,Whse_J,Category_006,2012/10/16,30000 
Product_1150,Whse_J,Category_006,2012/10/25,10000 
Product_1150,Whse_J,Category_006,2012/10/30,30000 
Product_1150,Whse_J,Category_006,2012/11/8,10000 
Product_1150,Whse_J,Category_006,2012/11/22,10000 
Product_1150,Whse_J,Category_006,2012/11/22,10000 
Product_1150,Whse_J,Category_006,2012/12/6,20000 
Product_1150,Whse_J,Category_006,2012/12/13,90000 
Product_1150,Whse_J,Category_006,2012/12/20,30000 
Product_1900,Whse_J,Category_019,2012/1/24,200 
Product_1248,Whse_J,Category_019,2012/1/24,10000 
Product_1278,Whse_J,Category_019,2012/2/9,1000 
Product_1274,Whse_J,Category_019,2012/2/16,1000 
Product_1900,Whse_J,Category_019,2012/2/23,200 
Product_1248,Whse_J,Category_019,2012/3/7,10000 
Product_1900,Whse_J,Category_019,2012/4/12,200 
Product_1900,Whse_J,Category_019,2012/4/17,200 
Product_1278,Whse_J,Category_019,2012/5/10,1000 
Product_1359,Whse_J,Category_019,2012/4/18,80000 
Product_1248,Whse_J,Category_019,2012/4/18,10000 
Product_1900,Whse_J,Category_019,2012/4/19,200 
Product_1900,Whse_J,Category_019,2012/5/10,200 
Product_1900,Whse_J,Category_019,2012/5/16,200 
Product_1900,Whse_J,Category_019,2012/5/21,400 
Product_1359,Whse_J,Category_019,2012/5/21,70000 
Product_1900,Whse_J,Category_019,2012/5/31,200 
Product_1900,Whse_J,Category_019,2012/6/7,200 
Product_1248,Whse_J,Category_019,2012/6/12,10000 
Product_1900,Whse_J,Category_019,2012/6/12,400 
Product_1278,Whse_J,Category_019,2012/6/14,2000 
Product_1900,Whse_J,Category_019,2012/6/21,200 
Product_1359,Whse_J,Category_019,2012/6/26,80000 
Product_1900,Whse_J,Category_019,2012/7/5,200 
Product_1900,Whse_J,Category_019,2012/7/12,200 
Product_1359,Whse_J,Category_019,2012/7/17,100000 
Product_1900,Whse_J,Category_019,2012/8/2,400 
Product_1248,Whse_J,Category_019,2012/8/16,10000 
Product_1900,Whse_J,Category_019,2012/8/21,200 
Product_1359,Whse_J,Category_019,2012/8/24,100000 
Product_1900,Whse_J,Category_019,2012/8/29,200 
Product_1900,Whse_J,Category_019,2012/9/20,200 
Product_1278,Whse_J,Category_019,2012/9/19,1000 
Product_1900,Whse_J,Category_019,2012/9/20,200 
Product_1359,Whse_J,Category_019,2012/10/4,80000 
Product_1900,Whse_J,Category_019,2012/10/11,200 
Product_1248,Whse_J,Category_019,2012/10/5,10000 
Product_1278,Whse_J,Category_019,2012/10/16,1000 
Product_1900,Whse_J,Category_019,2012/10/18,200 
Product_1359,Whse_J,Category_019,2012/10/29,80000 
Product_1900,Whse_J,Category_019,2012/11/2,200 
Product_1248,Whse_J,Category_019,2012/11/13,10000 
Product_1900,Whse_J,Category_019,2012/11/22,200 
Product_1900,Whse_J,Category_019,2012/11/22,200 
Product_1274,Whse_J,Category_019,2012/12/3,2000 
Product_1270,Whse_J,Category_019,2012/6/19,4000 
Product_1581,Whse_C,Category_005,2012/1/10,2000 
Product_1581,Whse_C,Category_005,2012/2/9,2000 
Product_1581,Whse_C,Category_005,2012/2/13,5000 
Product_2015,Whse_C,Category_005,2012/2/24,2000 
Product_1581,Whse_C,Category_005,2012/2/29,5000 
Product_1581,Whse_C,Category_005,2012/3/9,6000 
Product_1581,Whse_C,Category_005,2012/3/15,10000 
Product_1581,Whse_C,Category_005,2012/3/22,2000 
Product_2015,Whse_C,Category_005,2012/3/26,1000 
Product_1581,Whse_C,Category_005,2012/3/27,10000 
Product_1581,Whse_C,Category_005,2012/3/28,4000 
Product_1581,Whse_C,Category_005,2012/4/5,5000 
Product_1581,Whse_C,Category_005,2012/4/6,10000 
Product_1581,Whse_C,Category_005,2012/4/9,4000 
Product_1581,Whse_C,Category_005,2012/4/20,1000 
Product_1581,Whse_C,Category_005,2012/4/23,3000 
Product_1581,Whse_C,Category_005,2012/5/4,20000 
Product_1581,Whse_C,Category_005,2012/5/9,5000 
Product_1581,Whse_C,Category_005,2012/5/23,5000 
Product_2008,Whse_C,Category_005,2012/5/29,9000 
Product_2008,Whse_C,Category_005,2012/5/29,1000 
Product_2015,Whse_C,Category_005,2012/5/31,5000 
Product_1581,Whse_C,Category_005,2012/6/7,5000 
Product_1581,Whse_C,Category_005,2012/6/14,3000 
Product_1581,Whse_C,Category_005,2012/6/15,5000 
Product_2015,Whse_C,Category_005,2012/6/20,2000 
Product_1581,Whse_C,Category_005,2012/7/3,4000 
Product_2004,Whse_C,Category_005,2012/7/5,1000 
Product_1581,Whse_C,Category_005,2012/7/9,1000 
Product_1581,Whse_C,Category_005,2012/7/13,2000 
Product_1581,Whse_C,Category_005,2012/7/18,1000 
Product_1581,Whse_C,Category_005,2012/7/20,10000 
Product_1581,Whse_C,Category_005,2012/7/23,6000 
Product_1581,Whse_C,Category_005,2012/8/1,5000 
Product_1581,Whse_C,Category_005,2012/8/6,5000 
Product_2015,Whse_C,Category_005,2012/8/6,1000 
Product_1581,Whse_C,Category_005,2012/8/8,1000 
Product_1581,Whse_C,Category_005,2012/8/20,4000 
Product_1581,Whse_C,Category_005,2012/8/21,5000 
Product_1581,Whse_C,Category_005,2012/10/10,9000 
Product_2015,Whse_C,Category_005,2012/10/11,2000 
Product_2004,Whse_C,Category_005,2012/10/15,1000 
Product_1581,Whse_C,Category_005,2012/10/19,4000 
Product_1581,Whse_C,Category_005,2012/10/23,3000 
Product_1581,Whse_C,Category_005,2012/10/24,5000 
Product_1581,Whse_C,Category_005,2012/11/12,8000 
Product_1581,Whse_C,Category_005,2012/11/23,8000 
Product_2008,Whse_C,Category_005,2012/11/23,1000 
Product_1581,Whse_C,Category_005,2012/11/28,3000 
Product_1581,Whse_C,Category_005,2012/12/12,4000 
Product_2015,Whse_C,Category_005,2012/12/12,3000 
Product_1581,Whse_C,Category_005,2012/12/19,3000 
Product_0071,Whse_C,Category_019,2012/1/9,99000 
Product_1570,Whse_C,Category_019,2012/1/12,8000 
Product_0083,Whse_C,Category_019,2012/1/18,40000 
Product_1570,Whse_C,Category_019,2012/1/19,15000 
Product_1570,Whse_C,Category_019,2012/1/31,28000 
Product_0083,Whse_C,Category_019,2012/2/1,20000 
Product_0083,Whse_C,Category_019,2012/2/3,1000 
Product_0083,Whse_C,Category_019,2012/2/9,152000 
Product_0071,Whse_C,Category_019,2012/2/15,100000 
Product_1570,Whse_C,Category_019,2012/2/17,30000 
Product_0083,Whse_C,Category_019,2012/2/23,199000 
Product_0083,Whse_C,Category_019,2012/2/27,3000 
Product_1502,Whse_C,Category_019,2012/2/29,3000 
Product_1570,Whse_C,Category_019,2012/3/2,42500 
Product_1570,Whse_C,Category_019,2012/3/2,7500 
Product_0083,Whse_C,Category_019,2012/3/7,6000 
Product_1570,Whse_C,Category_019,2012/3/8,10000 
Product_0071,Whse_C,Category_019,2012/3/15,100000 
Product_0083,Whse_C,Category_019,2012/3/15,207000 
Product_1570,Whse_C,Category_019,2012/3/19,5000 
Product_1502,Whse_C,Category_019,2012/3/28,3500 
Product_1570,Whse_C,Category_019,2012/4/6,10000 
Product_0071,Whse_C,Category_019,2012/4/9,1000 
Product_0083,Whse_C,Category_019,2012/4/9,1000 
Product_0083,Whse_C,Category_019,2012/4/23,3000 
Product_1570,Whse_C,Category_019,2012/4/25,25500 
Product_1570,Whse_C,Category_019,2012/5/2,4000 
Product_0083,Whse_C,Category_019,2012/5/9,10000 
Product_1570,Whse_C,Category_019,2012/5/14,15000 
Product_1570,Whse_C,Category_019,2012/5/14,10000 
Product_0071,Whse_C,Category_019,2012/5/24,80000 
Product_0083,Whse_C,Category_019,2012/5/24,100000 
Product_1570,Whse_C,Category_019,2012/5/24,500 
Product_0083,Whse_C,Category_019,2012/5/29,1000 
Product_1570,Whse_C,Category_019,2012/6/8,70000 
Product_1502,Whse_C,Category_019,2012/6/14,2000 
Product_1570,Whse_C,Category_019,2012/6/14,4500 
Product_0083,Whse_C,Category_019,2012/6/18,1000 
Product_1570,Whse_C,Category_019,2012/6/20,53000 
Product_0071,Whse_C,Category_019,2012/6/20,280000 
Product_0083,Whse_C,Category_019,2012/6/20,260000 
Product_1570,Whse_C,Category_019,2012/6/28,1500 
Product_1570,Whse_C,Category_019,2012/7/3,57000 
Product_0071,Whse_C,Category_019,2012/7/4,325000 
Product_1570,Whse_C,Category_019,2012/7/4,163500 
Product_0071,Whse_C,Category_019,2012/7/9,200000 
Product_0071,Whse_C,Category_019,2012/7/9,1000 
Product_0071,Whse_C,Category_019,2012/7/9,249000 
Product_0083,Whse_C,Category_019,2012/7/9,280000 
Product_0083,Whse_C,Category_019,2012/7/9,400000 
Product_0083,Whse_C,Category_019,2012/7/18,2000 
Product_0083,Whse_C,Category_019,2012/7/25,8000 
Product_0083,Whse_C,Category_019,2012/7/25,2000 
Product_1570,Whse_C,Category_019,2012/7/25,5000 
Product_1570,Whse_C,Category_019,2012/7/27,3500 
Product_0083,Whse_C,Category_019,2012/8/6,10000 
Product_0083,Whse_C,Category_019,2012/8/8,20000 
Product_1570,Whse_C,Category_019,2012/8/8,1500 
Product_1570,Whse_C,Category_019,2012/8/20,3500 
Product_1502,Whse_C,Category_019,2012/8/27,2000 
Product_1570,Whse_C,Category_019,2012/9/11,42000 
Product_1502,Whse_C,Category_019,2012/9/19,1500 
Product_1570,Whse_C,Category_019,2012/9/19,1000 
Product_1570,Whse_C,Category_019,2012/10/8,44000 
Product_1570,Whse_C,Category_019,2012/10/10,2000 
Product_1570,Whse_C,Category_019,2012/10/23,5000 
Product_1570,Whse_C,Category_019,2012/10/24,2000 
Product_1570,Whse_C,Category_019,2012/10/26,10000 
Product_0083,Whse_C,Category_019,2012/11/23,8000 
Product_1570,Whse_C,Category_019,2012/11/28,56000 
Product_0071,Whse_C,Category_019,2012/12/4,250000 
Product_0083,Whse_C,Category_019,2012/12/4,150000 
Product_0083,Whse_C,Category_019,2012/12/6,60000 
Product_1904,Whse_S,Category_019,2012/1/16,10000 
Product_1241,Whse_S,Category_019,2012/2/7,200000 
Product_1241,Whse_S,Category_019,2012/4/6,160000 
Product_1241,Whse_S,Category_019,2012/6/1,160000 
Product_1570,Whse_S,Category_019,2012/2/7,160000 
Product_1570,Whse_S,Category_019,2012/4/6,130000 
Product_1570,Whse_S,Category_019,2012/6/1,130000 
Product_1574,Whse_S,Category_019,2012/2/7,80000 
Product_1574,Whse_S,Category_019,2012/4/6,46000 
Product_1574,Whse_S,Category_019,2012/6/1,46000 
Product_1904,Whse_S,Category_019,2012/2/7,180000 
Product_1904,Whse_S,Category_019,2012/3/5,90000 
Product_1904,Whse_S,Category_019,2012/4/6,95000 
Product_1904,Whse_S,Category_019,2012/6/1,140000 
Product_0639,Whse_S,Category_019,2012/2/23,8 
Product_0639,Whse_S,Category_019,2012/2/23,2 
Product_1234,Whse_S,Category_019,2012/3/12,2000 
Product_0639,Whse_S,Category_019,2012/3/28,10 
Product_1234,Whse_S,Category_019,2012/5/8,5000 
Product_1241,Whse_S,Category_019,2012/6/5,15000 
Product_1241,Whse_S,Category_019,2012/7/5,15000 
Product_1241,Whse_S,Category_019,2012/7/31,30000 
Product_1570,Whse_S,Category_019,2012/6/5,55000 
Product_1570,Whse_S,Category_019,2012/7/5,55000 
Product_1570,Whse_S,Category_019,2012/7/17,55000 
Product_1570,Whse_S,Category_019,2012/7/30,45000 
Product_1574,Whse_S,Category_019,2012/6/5,88000 
Product_1904,Whse_S,Category_019,2012/6/5,100000 
Product_1904,Whse_S,Category_019,2012/7/5,87000 
Product_1904,Whse_S,Category_019,2012/7/17,87000 
Product_1904,Whse_S,Category_019,2012/7/31,86000 
Product_1904,Whse_S,Category_019,2012/6/12,10000 
Product_1234,Whse_S,Category_019,2012/7/24,2000 
Product_1241,Whse_S,Category_019,2012/8/7,5000 
Product_1241,Whse_S,Category_019,2012/8/6,100000 
Product_1241,Whse_S,Category_019,2012/8/25,30000 
Product_1241,Whse_S,Category_019,2012/8/30,130000 
Product_1570,Whse_S,Category_019,2012/8/25,90000 
Product_1570,Whse_S,Category_019,2012/8/30,90000 
Product_1574,Whse_S,Category_019,2012/8/6,70000 
Product_1574,Whse_S,Category_019,2012/8/22,25000 
Product_1574,Whse_S,Category_019,2012/8/30,55000 
Product_1904,Whse_S,Category_019,2012/8/25,100000 
Product_1904,Whse_S,Category_019,2012/8/30,100000 
Product_0639,Whse_S,Category_019,2012/8/22,5 
Product_1510,Whse_S,Category_019,2012/8/22,14000 
Product_0639,Whse_S,Category_019,2012/9/5,5 
Product_0639,Whse_S,Category_019,2012/9/14,6 
Product_1241,Whse_S,Category_019,2012/9/14,170000 
Product_1241,Whse_S,Category_019,2012/10/5,100000 
Product_1241,Whse_S,Category_019,2012/11/4,100000 
Product_1241,Whse_S,Category_019,2012/12/4,100000 
Product_1570,Whse_S,Category_019,2012/9/14,85000 
Product_1570,Whse_S,Category_019,2012/10/5,85000 
Product_1570,Whse_S,Category_019,2012/11/4,85000 
Product_1570,Whse_S,Category_019,2012/12/4,85000 
Product_1574,Whse_S,Category_019,2012/9/14,65000 
Product_1574,Whse_S,Category_019,2012/10/5,65000 
Product_1574,Whse_S,Category_019,2012/11/4,65000 
Product_1574,Whse_S,Category_019,2012/12/4,60000 
Product_1904,Whse_S,Category_019,2012/9/14,100000 
Product_1904,Whse_S,Category_019,2012/10/5,100000 
Product_1904,Whse_S,Category_019,2012/11/4,100000 
Product_1904,Whse_S,Category_019,2012/12/4,100000 
Product_0639,Whse_S,Category_019,2012/9/25,10 
Product_0639,Whse_S,Category_019,2012/10/11,6 
Product_1510,Whse_S,Category_019,2012/10/24,5000 
Product_0639,Whse_S,Category_019,2012/11/6,10 
Product_1431,Whse_S,Category_019,2012/11/6,10000 
Product_1234,Whse_S,Category_019,2012/11/27,3000 
Product_1234,Whse_S,Category_019,2012/11/27,2000 
Product_1510,Whse_S,Category_019,2012/11/27,5000 
Product_1241,Whse_S,Category_019,2012/12/10,75000 
Product_1241,Whse_S,Category_019,2012/12/24,75000 
Product_1570,Whse_S,Category_019,2012/12/10,72500 
Product_1570,Whse_S,Category_019,2012/12/24,72500 
Product_1904,Whse_S,Category_019,2012/12/10,150000 
Product_1904,Whse_S,Category_019,2012/12/24,100000 
Product_0639,Whse_S,Category_019,2012/12/4,10 
Product_0639,Whse_S,Category_019,2012/12/24,5 
Product_0558,Whse_S,Category_030,2012/6/25,2000 
Product_0556,Whse_S,Category_030,2012/9/14,500 
Product_1486,Whse_J,Category_019,2012/2/17,27000 
Product_1486,Whse_J,Category_019,2012/2/17,23000 
Product_1246,Whse_J,Category_019,2012/3/9,2000 
Product_1486,Whse_J,Category_019,2012/3/26,10000 
Product_1486,Whse_J,Category_019,2012/4/16,50000 
Product_1486,Whse_J,Category_019,2012/5/30,50000 
Product_1246,Whse_J,Category_019,2012/6/6,1000 
Product_1246,Whse_J,Category_019,2012/7/2,1000 
Product_1486,Whse_J,Category_019,2012/7/23,5000 
Product_1486,Whse_J,Category_019,2012/7/26,50000 
Product_1486,Whse_J,Category_019,2012/9/12,50000 
Product_1246,Whse_J,Category_019,2012/10/15,3000 
Product_1486,Whse_J,Category_019,2012/10/25,20000 
Product_1486,Whse_J,Category_019,2012/11/1,50000 
Product_1246,Whse_J,Category_019,2012/12/12,2000 
Product_1486,Whse_J,Category_019,2012/12/20,50000 
Product_1431,Whse_C,Category_019,2011/12/20,1000 
Product_1101,Whse_C,Category_032,2012/2/13,2000 
Product_1101,Whse_C,Category_032,2012/5/4,1000 
Product_1101,Whse_C,Category_032,2012/11/14,1000 
Product_1278,Whse_S,Category_019,2012/1/16,12000 
Product_1245,Whse_S,Category_019,2012/1/16,20000 
Product_1245,Whse_S,Category_019,2012/1/30,10000 
Product_1263,Whse_S,Category_019,2012/1/16,30000 
Product_1278,Whse_S,Category_019,2011/12/30,1000 
Product_1278,Whse_S,Category_019,2012/1/16,150000 
Product_1245,Whse_S,Category_019,2012/2/13,15000 
Product_1245,Whse_S,Category_019,2012/1/20,20000 
Product_1245,Whse_S,Category_019,2012/1/30,70000 
Product_1278,Whse_S,Category_019,2012/1/30,50000 
Product_1263,Whse_S,Category_019,2012/2/19,30000 
Product_1263,Whse_S,Category_019,2012/3/12,10000 
Product_1245,Whse_S,Category_019,2012/2/27,70000 
Product_1245,Whse_S,Category_019,2012/3/18,20000 
Product_1245,Whse_S,Category_019,2012/3/11,20000 
Product_1245,Whse_S,Category_019,2012/4/8,20000 
Product_1245,Whse_S,Category_019,2012/4/4,100000 
Product_1263,Whse_S,Category_019,2012/4/17,30000 
Product_1278,Whse_S,Category_019,2012/5/1,150000 
Product_1278,Whse_S,Category_019,2012/5/8,10000 
Product_1245,Whse_S,Category_019,2012/5/8,20000 
Product_1245,Whse_S,Category_019,2012/6/12,15000 
Product_1278,Whse_S,Category_019,2012/5/22,50000 
Product_1245,Whse_S,Category_019,2012/4/26,8000 
Product_1245,Whse_S,Category_019,2012/5/22,80000 
Product_1263,Whse_S,Category_019,2012/7/3,30000 
Product_1245,Whse_S,Category_019,2012/7/3,25000 
Product_1278,Whse_S,Category_019,2012/6/26,10000 
Product_1278,Whse_S,Category_019,2012/7/10,10000 
Product_1278,Whse_S,Category_019,2012/7/17,10000 
Product_1263,Whse_S,Category_019,2012/8/7,10000 
Product_1278,Whse_S,Category_019,2012/7/24,10000 
Product_1245,Whse_S,Category_019,2012/8/14,20000 
Product_1245,Whse_S,Category_019,2012/7/31,150000 
Product_1278,Whse_S,Category_019,2012/8/7,150000 
Product_1278,Whse_S,Category_019,2012/8/21,20000 
Product_1245,Whse_S,Category_019,2012/8/20,170000 
Product_1278,Whse_S,Category_019,2012/9/11,10000 
Product_1278,Whse_S,Category_019,2012/10/9,10000 
Product_1245,Whse_S,Category_019,2012/9/27,20000 
Product_1278,Whse_S,Category_019,2012/10/9,10000 
Product_1245,Whse_S,Category_019,2012/10/16,10000 
Product_1278,Whse_S,Category_019,2012/10/9,1000 
Product_1278,Whse_S,Category_019,2012/10/29,160000 
Product_1245,Whse_S,Category_019,2012/10/23,40000 
Product_1278,Whse_S,Category_019,2012/11/20,50000 
Product_1278,Whse_S,Category_019,2012/11/27,20000 
Product_1278,Whse_S,Category_019,2012/11/20,10000 
Product_1278,Whse_S,Category_019,2012/12/25,1000 
Product_1245,Whse_S,Category_019,2012/12/3,20000 
Product_1278,Whse_S,Category_019,2012/11/27,10000 
Product_1245,Whse_S,Category_019,2012/12/11,120000 
Product_1278,Whse_S,Category_019,2012/11/30,10000 
Product_1278,Whse_S,Category_019,2012/12/11,10000 
Product_1245,Whse_S,Category_019,2012/12/11,85000 
Product_1278,Whse_S,Category_019,2012/12/18,10000 
Product_1278,Whse_S,Category_019,2012/12/21,10000 
Product_1245,Whse_S,Category_019,2012/12/18,20000 
Product_0965,Whse_S,Category_006,2012/6/15,2 
Product_1264,Whse_S,Category_019,2012/1/18,10000 
Product_1432,Whse_S,Category_019,2012/1/24,5000 
Product_1480,Whse_S,Category_019,2012/1/18,10000 
Product_1521,Whse_S,Category_019,2012/2/27,10000 
Product_0980,Whse_S,Category_028,2012/5/21,10000 
Product_0980,Whse_S,Category_028,2012/6/27,3500 
Product_0980,Whse_S,Category_028,2012/9/16,2700 
Product_0664,Whse_J,Category_011,2012/1/5,1 
Product_0664,Whse_J,Category_011,2012/1/23,3 
Product_0664,Whse_J,Category_011,2012/1/23,2 
Product_0664,Whse_J,Category_011,2012/1/17,2 
Product_0664,Whse_J,Category_011,2012/1/23,1 
Product_0664,Whse_J,Category_011,2012/1/23,1 
Product_0664,Whse_J,Category_011,2012/1/27,1 
Product_0664,Whse_J,Category_011,2012/1/23,1 
Product_0664,Whse_J,Category_011,2012/1/25,1 
Product_0664,Whse_J,Category_011,2012/1/30,2 
Product_0664,Whse_J,Category_011,2012/1/31,2 
Product_0664,Whse_J,Category_011,2012/2/2,1 
Product_0664,Whse_J,Category_011,2012/2/3,4 
Product_0664,Whse_J,Category_011,2012/2/22,1 
Product_0664,Whse_J,Category_011,2012/2/8,3 
Product_0664,Whse_J,Category_011,2012/2/22,2 
Product_0664,Whse_J,Category_011,2012/2/8,1 
Product_0664,Whse_J,Category_011,2012/2/13,1 
Product_0664,Whse_J,Category_011,2012/2/22,1 
Product_0664,Whse_J,Category_011,2012/2/22,1 
Product_0664,Whse_J,Category_011,2012/2/22,1 
Product_0664,Whse_J,Category_011,2012/2/22,1 
Product_0664,Whse_J,Category_011,2012/2/22,3 
Product_0664,Whse_J,Category_011,2012/2/22,3 
Product_0664,Whse_J,Category_011,2012/2/22,1 
Product_0664,Whse_J,Category_011,2012/2/23,3 
Product_0664,Whse_J,Category_011,2012/2/27,2 
Product_0664,Whse_J,Category_011,2012/3/1,2 
Product_0664,Whse_J,Category_011,2012/3/5,1 
Product_0664,Whse_J,Category_011,2012/3/23,1 
Product_0664,Whse_J,Category_011,2012/3/21,4 
Product_0664,Whse_J,Category_011,2012/3/12,1 
Product_0664,Whse_J,Category_011,2012/3/28,3 
Product_0664,Whse_J,Category_011,2012/3/28,10 
Product_0664,Whse_J,Category_011,2012/3/28,1 
Product_0664,Whse_J,Category_011,2012/4/23,2 
Product_0664,Whse_J,Category_011,2012/8/16,1 
Product_0031,Whse_J,Category_005,2012/1/9,200 
Product_0031,Whse_J,Category_005,2012/1/13,100 
Product_0031,Whse_J,Category_005,2012/1/16,100 
Product_0031,Whse_J,Category_005,2012/1/17,100 
Product_0031,Whse_J,Category_005,2012/1/25,100 
Product_0031,Whse_J,Category_005,2012/1/30,100 
Product_0031,Whse_J,Category_005,2012/2/3,100 
Product_0031,Whse_J,Category_005,2012/2/6,100 
Product_0031,Whse_J,Category_005,2012/2/7,100 
Product_0031,Whse_J,Category_005,2012/2/10,300 
Product_0031,Whse_J,Category_005,2012/2/22,100 
Product_0031,Whse_J,Category_005,2012/3/2,100 
Product_0031,Whse_J,Category_005,2012/3/6,200 
Product_0031,Whse_J,Category_005,2012/3/12,100 
Product_0031,Whse_J,Category_005,2012/3/15,100 
Product_0031,Whse_J,Category_005,2012/4/2,100 
Product_0031,Whse_J,Category_005,2012/4/3,100 
Product_0031,Whse_J,Category_005,2012/4/1,200 
Product_0031,Whse_J,Category_005,2012/4/9,200 
Product_0031,Whse_J,Category_005,2012/4/16,100 
Product_0031,Whse_J,Category_005,2012/4/24,200 
Product_0031,Whse_J,Category_005,2012/4/26,100 
Product_0031,Whse_J,Category_005,2012/5/7,100 
Product_0031,Whse_J,Category_005,2012/5/8,100 
Product_0031,Whse_J,Category_005,2012/5/7,100 
Product_0031,Whse_J,Category_005,2012/5/14,100 
Product_0031,Whse_J,Category_005,2012/5/23,100 
Product_0031,Whse_J,Category_005,2012/5/30,100 
Product_0031,Whse_J,Category_005,2012/5/28,100 
Product_0031,Whse_J,Category_005,2012/6/4,200 
Product_0031,Whse_J,Category_005,2012/7/25,100 
Product_0031,Whse_J,Category_005,2012/7/25,100 
Product_0031,Whse_J,Category_005,2012/8/1,100 
Product_0031,Whse_J,Category_005,2012/7/25,100 
Product_0031,Whse_J,Category_005,2012/7/27,100 
Product_0031,Whse_J,Category_005,2012/7/19,100 
Product_0031,Whse_J,Category_005,2012/7/25,100 
Product_0031,Whse_J,Category_005,2012/6/15,200 
Product_0031,Whse_J,Category_005,2012/8/1,100 
Product_0031,Whse_J,Category_005,2012/8/10,100 
Product_0031,Whse_J,Category_005,2012/8/23,100 
Product_0031,Whse_J,Category_005,2012/8/31,100 
Product_0031,Whse_J,Category_005,2012/9/6,100 
Product_0031,Whse_J,Category_005,2012/9/14,100 
Product_0031,Whse_J,Category_005,2012/9/19,100 
Product_0031,Whse_J,Category_005,2012/9/27,100 
Product_0031,Whse_J,Category_005,2012/10/5,100 
Product_0031,Whse_J,Category_005,2012/10/11,100 
Product_0031,Whse_J,Category_005,2012/10/17,100 
Product_0031,Whse_J,Category_005,2012/10/17,100 
Product_0031,Whse_J,Category_005,2012/10/25,100 
Product_0031,Whse_J,Category_005,2012/10/25,200 
Product_0031,Whse_J,Category_005,2012/11/2,100 
Product_0031,Whse_J,Category_005,2012/11/7,100 
Product_0031,Whse_J,Category_005,2012/11/15,100 
Product_0031,Whse_J,Category_005,2012/11/15,100 
Product_0031,Whse_J,Category_005,2012/11/20,100 
Product_0031,Whse_J,Category_005,2012/12/6,100 
Product_0031,Whse_J,Category_005,2012/12/4,100 
Product_0031,Whse_J,Category_005,2012/12/7,200 
Product_0031,Whse_J,Category_005,2012/12/14,100 
Product_0031,Whse_J,Category_005,2012/12/14,100 
Product_0031,Whse_J,Category_005,2012/12/20,100 
Product_0031,Whse_J,Category_005,2012/12/20,100 
Product_0031,Whse_J,Category_005,2012/12/27,100 
Product_0031,Whse_J,Category_005,2012/12/27,100 
Product_1262,Whse_J,Category_019,2012/1/5,300 
Product_1430,Whse_J,Category_019,2012/1/5,300 
Product_1430,Whse_J,Category_019,2012/1/26,200 
Product_1469,Whse_J,Category_019,2012/1/27,100 
Product_1430,Whse_J,Category_019,2012/1/17,100 
Product_1469,Whse_J,Category_019,2012/1/17,100 
Product_1250,Whse_J,Category_019,2012/1/27,100 
Product_1316,Whse_J,Category_019,2012/1/27,100 
Product_1410,Whse_J,Category_019,2012/1/27,100 
Product_1315,Whse_J,Category_019,2012/1/27,100 
Product_1430,Whse_J,Category_019,2012/1/27,100 
Product_1469,Whse_J,Category_019,2012/1/27,100 
Product_1250,Whse_J,Category_019,2012/1/26,200 
Product_1316,Whse_J,Category_019,2012/1/26,300 
Product_1410,Whse_J,Category_019,2012/1/27,1000 
Product_1316,Whse_J,Category_019,2012/1/31,1000 
Product_1316,Whse_J,Category_019,2012/2/2,200 
Product_1250,Whse_J,Category_019,2012/2/7,1000 
Product_1316,Whse_J,Category_019,2012/2/7,1000 
Product_1315,Whse_J,Category_019,2012/2/10,200 
Product_1262,Whse_J,Category_019,2012/2/24,1000 
Product_1430,Whse_J,Category_019,2012/2/24,500 
Product_1315,Whse_J,Category_019,2012/3/7,100 
Product_1262,Whse_J,Category_019,2012/3/8,500 
Product_1316,Whse_J,Category_019,2012/3/14,100 
Product_1315,Whse_J,Category_019,2012/3/13,600 
Product_1315,Whse_J,Category_019,2012/3/28,200 
Product_1430,Whse_J,Category_019,2012/3/28,200 
Product_1469,Whse_J,Category_019,2012/3/28,100 
Product_1316,Whse_J,Category_019,2012/3/27,1000 
Product_1262,Whse_J,Category_019,2012/3/28,100 
Product_1315,Whse_J,Category_019,2012/3/28,200 
Product_1371,Whse_J,Category_019,2012/3/23,200 
Product_1430,Whse_J,Category_019,2012/3/23,200 
Product_1469,Whse_J,Category_019,2012/3/23,200 
Product_1430,Whse_J,Category_019,2012/3/30,100 
Product_1250,Whse_J,Category_019,2012/3/30,100 
Product_1315,Whse_J,Category_019,2012/4/4,200 
Product_1250,Whse_J,Category_019,2012/4/5,1000 
Product_1316,Whse_J,Category_019,2012/4/5,1000 
Product_1410,Whse_J,Category_019,2012/4/5,200 
Product_1250,Whse_J,Category_019,2012/4/10,100 
Product_1262,Whse_J,Category_019,2012/4/10,500 
Product_1315,Whse_J,Category_019,2012/4/10,500 
Product_1371,Whse_J,Category_019,2012/4/10,500 
Product_1262,Whse_J,Category_019,2012/4/20,300 
Product_1371,Whse_J,Category_019,2012/4/20,300 
Product_1430,Whse_J,Category_019,2012/4/20,500 
Product_1316,Whse_J,Category_019,2012/5/7,2000 
Product_1316,Whse_J,Category_019,2012/5/29,600 
Product_1410,Whse_J,Category_019,2012/5/29,300 
Product_1470,Whse_J,Category_019,2012/5/29,200 
Product_1316,Whse_J,Category_019,2012/5/16,2000 
Product_1371,Whse_J,Category_019,2012/5/16,200 
Product_1430,Whse_J,Category_019,2012/5/16,200 
Product_1250,Whse_J,Category_019,2012/5/29,300 
Product_1316,Whse_J,Category_019,2012/6/5,100 
Product_1250,Whse_J,Category_019,2012/6/5,1000 
Product_1372,Whse_J,Category_019,2012/6/5,100 
Product_1410,Whse_J,Category_019,2012/6/5,100 
Product_1250,Whse_J,Category_019,2012/5/30,2000 
Product_1250,Whse_J,Category_019,2012/6/1,200 
Product_1410,Whse_J,Category_019,2012/6/1,200 
Product_1371,Whse_J,Category_019,2012/6/12,200 
Product_1430,Whse_J,Category_019,2012/6/12,200 
Product_1250,Whse_J,Category_019,2012/6/5,100 
Product_1315,Whse_J,Category_019,2012/6/5,100 
Product_1469,Whse_J,Category_019,2012/6/5,100 
Product_1316,Whse_J,Category_019,2012/6/5,2000 
Product_1315,Whse_J,Category_019,2012/6/6,200 
Product_1430,Whse_J,Category_019,2012/6/6,200 
Product_1469,Whse_J,Category_019,2012/6/6,100 
Product_1315,Whse_J,Category_019,2012/6/27,200 
Product_1430,Whse_J,Category_019,2012/6/27,700 
Product_1469,Whse_J,Category_019,2012/6/27,200 
Product_1286,Whse_J,Category_019,2012/6/29,1000 
Product_1250,Whse_J,Category_019,2012/7/5,500 
Product_1316,Whse_J,Category_019,2012/7/5,500 
Product_1372,Whse_J,Category_019,2012/7/5,300 
Product_1410,Whse_J,Category_019,2012/7/5,500 
Product_1470,Whse_J,Category_019,2012/7/5,300 
Product_1262,Whse_J,Category_019,2012/7/10,200 
Product_1315,Whse_J,Category_019,2012/7/10,200 
Product_1430,Whse_J,Category_019,2012/7/10,300 
Product_1315,Whse_J,Category_019,2012/7/27,100 
Product_1469,Whse_J,Category_019,2012/7/27,100 
Product_1262,Whse_J,Category_019,2012/7/11,100 
Product_1315,Whse_J,Category_019,2012/7/11,400 
Product_1469,Whse_J,Category_019,2012/7/12,200 
Product_1430,Whse_J,Category_019,2012/7/30,100 
Product_1262,Whse_J,Category_019,2012/7/27,100 
Product_1286,Whse_J,Category_019,2012/7/12,500 
Product_1316,Whse_J,Category_019,2012/7/13,2000 
Product_1262,Whse_J,Category_019,2012/7/27,200 
Product_1430,Whse_J,Category_019,2012/7/27,200 
Product_1371,Whse_J,Category_019,2012/7/23,200 
Product_1250,Whse_J,Category_019,2012/7/27,100 
Product_1316,Whse_J,Category_019,2012/7/27,100 
Product_1250,Whse_J,Category_019,2012/8/9,200 
Product_1410,Whse_J,Category_019,2012/8/9,200 
Product_1316,Whse_J,Category_019,2012/8/9,300 
Product_1372,Whse_J,Category_019,2012/8/9,200 
Product_1470,Whse_J,Category_019,2012/8/9,100 
Product_1250,Whse_J,Category_019,2012/8/9,100 
Product_1372,Whse_J,Category_019,2012/8/9,100 
Product_1410,Whse_J,Category_019,2012/8/9,100 
Product_1250,Whse_J,Category_019,2012/8/7,200 
Product_1316,Whse_J,Category_019,2012/8/7,200 
Product_1470,Whse_J,Category_019,2012/8/7,100 
Product_1372,Whse_J,Category_019,2012/8/29,200 
Product_1410,Whse_J,Category_019,2012/8/29,200 
Product_1470,Whse_J,Category_019,2012/8/29,100 
Product_1250,Whse_J,Category_019,2012/9/4,100 
Product_1250,Whse_J,Category_019,2012/9/6,100 
Product_1410,Whse_J,Category_019,2012/9/6,100 
Product_1316,Whse_J,Category_019,2012/9/13,100 
Product_1410,Whse_J,Category_019,2012/9/13,100 
Product_1316,Whse_J,Category_019,2012/9/13,400 
Product_1410,Whse_J,Category_019,2012/9/13,200 
Product_1470,Whse_J,Category_019,2012/9/14,200 
Product_1262,Whse_J,Category_019,2012/9/26,500 
Product_1315,Whse_J,Category_019,2012/9/26,500 
Product_1316,Whse_J,Category_019,2012/9/26,200 
Product_1315,Whse_J,Category_019,2012/9/26,200 
Product_1250,Whse_J,Category_019,2012/9/26,200 
Product_1316,Whse_J,Category_019,2012/9/26,100 
Product_1372,Whse_J,Category_019,2012/9/26,100 
Product_1410,Whse_J,Category_019,2012/9/26,100 
Product_1316,Whse_J,Category_019,2012/9/28,100 
Product_1316,Whse_J,Category_019,2012/11/1,100 
Product_1410,Whse_J,Category_019,2012/11/1,100 
Product_1410,Whse_J,Category_019,2012/11/6,100 
Product_1470,Whse_J,Category_019,2012/11/6,100 
Product_1470,Whse_J,Category_019,2012/11/30,100 
Product_1250,Whse_J,Category_019,2012/12/5,300 
Product_1316,Whse_J,Category_019,2012/12/5,100 
Product_1250,Whse_J,Category_019,2012/12/10,100 
Product_1316,Whse_J,Category_019,2012/12/10,100 
Product_1250,Whse_J,Category_019,2012/12/26,300 
Product_1372,Whse_J,Category_019,2012/12/26,200 
Product_1410,Whse_J,Category_019,2012/12/26,200 
Product_1470,Whse_J,Category_019,2012/12/26,200 
Product_1316,Whse_J,Category_019,2012/12/26,400 
Product_1410,Whse_J,Category_019,2012/12/26,200 
Product_1250,Whse_J,Category_019,2012/12/27,100 
Product_1316,Whse_J,Category_019,2012/12/27,100 
Product_1410,Whse_J,Category_019,2012/3/26,1000 
Product_1489,Whse_J,Category_019,2012/8/24,1000 
Product_1400,Whse_J,Category_019,2012/10/3,1000 
Product_1357,Whse_J,Category_019,2012/10/16,1000 
Product_1357,Whse_J,Category_019,2012/10/31,2000 
Product_1400,Whse_J,Category_019,2012/11/7,2000 
Product_1489,Whse_J,Category_019,2012/11/13,1000 
Product_0113,Whse_J,Category_006,2012/4/11,10000 
Product_1274,Whse_J,Category_019,2012/1/26,2000 
Product_1286,Whse_J,Category_019,2012/1/6,3000 
Product_1294,Whse_J,Category_019,2012/1/6,2000 
Product_1274,Whse_J,Category_019,2012/1/10,4000 
Product_1274,Whse_J,Category_019,2012/1/26,2000 
Product_1274,Whse_J,Category_019,2012/2/27,2000 
Product_1377,Whse_J,Category_019,2012/2/28,2000 
Product_1452,Whse_J,Category_019,2012/2/28,1000 
Product_1286,Whse_J,Category_019,2012/3/14,1000 
Product_1286,Whse_J,Category_019,2012/4/5,2000 
Product_1294,Whse_J,Category_019,2012/4/5,2000 
Product_1286,Whse_J,Category_019,2012/5/7,2000 
Product_1286,Whse_J,Category_019,2012/5/29,2000 
Product_1286,Whse_J,Category_019,2012/6/8,2000 
Product_1294,Whse_J,Category_019,2012/6/8,2000 
Product_1274,Whse_J,Category_019,2012/7/3,2000 
Product_1294,Whse_J,Category_019,2012/7/13,1000 
Product_1377,Whse_J,Category_019,2012/7/13,1000 
Product_1452,Whse_J,Category_019,2012/7/13,1000 
Product_1274,Whse_J,Category_019,2012/8/3,1000 
Product_1274,Whse_J,Category_019,2012/8/29,2000 
Product_1286,Whse_J,Category_019,2012/9/24,3000 
Product_1294,Whse_J,Category_019,2012/9/24,1000 
Product_1274,Whse_J,Category_019,2012/10/29,2000 
Product_1286,Whse_J,Category_019,2012/12/21,2000 
Product_1377,Whse_J,Category_019,2012/12/21,1000 
Product_1381,Whse_J,Category_019,2012/12/21,1000 
Product_1274,Whse_J,Category_019,2012/12/25,1000 
Product_1361,Whse_J,Category_033,2012/3/14,20000 
Product_1361,Whse_J,Category_033,2012/6/22,10000 
Product_1361,Whse_J,Category_033,2012/9/19,10000 
Product_1361,Whse_J,Category_033,2012/10/11,10000 
Product_1361,Whse_J,Category_033,2012/12/6,10000 
Product_1158,Whse_J,Category_006,2012/5/8,20000 
Product_1160,Whse_J,Category_006,2012/12/4,8000 
Product_1160,Whse_J,Category_006,2012/12/4,2000 
Product_1149,Whse_J,Category_006,2012/7/25,15000 
Product_1149,Whse_J,Category_006,2012/8/22,10000 
Product_1149,Whse_J,Category_006,2012/9/20,10000 
Product_1149,Whse_J,Category_006,2012/10/1,10000 
Product_1149,Whse_J,Category_006,2012/10/22,15000 
Product_1149,Whse_J,Category_006,2012/12/21,20000 
Product_1160,Whse_J,Category_006,2012/1/17,4000 
Product_1158,Whse_J,Category_006,2012/1/18,10000 
Product_1149,Whse_J,Category_006,2012/2/16,5000 
Product_1149,Whse_J,Category_006,2012/2/9,20000 
Product_1158,Whse_J,Category_006,2012/2/10,20000 
Product_1160,Whse_J,Category_006,2012/2/27,4000 
Product_1149,Whse_J,Category_006,2012/3/12,20000 
Product_1147,Whse_J,Category_006,2012/4/9,5000 
Product_1147,Whse_J,Category_006,2012/5/7,40000 
Product_1147,Whse_J,Category_006,2012/5/7,10000 
Product_1147,Whse_J,Category_006,2012/5/17,10000 
Product_1147,Whse_J,Category_006,2012/5/17,5000 
Product_1152,Whse_J,Category_006,2012/6/13,5000 
Product_1149,Whse_J,Category_006,2012/5/31,10000 
Product_1158,Whse_J,Category_006,2012/5/31,20000 
Product_1160,Whse_J,Category_006,2012/5/31,4000 
Product_1149,Whse_J,Category_006,2012/6/5,10000 
Product_1149,Whse_J,Category_006,2012/6/7,5000 
Product_1147,Whse_J,Category_006,2012/6/8,40000 
Product_1149,Whse_J,Category_006,2012/6/18,15000 
Product_1149,Whse_J,Category_006,2012/7/3,10000 
Product_1149,Whse_J,Category_006,2012/7/5,5000 
Product_1147,Whse_J,Category_006,2012/7/10,20000 
Product_1158,Whse_J,Category_006,2012/7/24,20000 
Product_1149,Whse_J,Category_006,2012/7/25,5000 
Product_1147,Whse_J,Category_006,2012/8/9,10000 
Product_1149,Whse_J,Category_006,2012/8/31,5000 
Product_1160,Whse_J,Category_006,2012/9/12,4000 
Product_1149,Whse_J,Category_006,2012/10/5,5000 
Product_1149,Whse_J,Category_006,2012/10/29,5000 
Product_1158,Whse_J,Category_006,2012/10/29,10000 
Product_1152,Whse_J,Category_006,2012/11/29,5000 
Product_1158,Whse_J,Category_006,2012/11/30,10000 
Product_1149,Whse_J,Category_006,2012/12/6,20000 
Product_1359,Whse_J,Category_019,2012/1/12,84000 
Product_1359,Whse_J,Category_019,2012/1/20,1000 
Product_1359,Whse_J,Category_019,2012/2/3,1000 
Product_1359,Whse_J,Category_019,2012/2/7,15000 
Product_1359,Whse_J,Category_019,2012/2/8,1000 
Product_1359,Whse_J,Category_019,2012/2/17,1000 
Product_1359,Whse_J,Category_019,2012/5/7,30000 
Product_1359,Whse_J,Category_019,2012/6/6,1000 
Product_1359,Whse_J,Category_019,2012/6/8,10000 
Product_1359,Whse_J,Category_019,2012/7/10,28000 
Product_1359,Whse_J,Category_019,2012/8/23,5000 
Product_1359,Whse_J,Category_019,2012/9/10,10000 
Product_1359,Whse_J,Category_019,2012/9/24,6000 
Product_1359,Whse_J,Category_019,2012/9/25,1000 
Product_1359,Whse_J,Category_019,2012/10/12,21000 
Product_1359,Whse_J,Category_019,2012/10/17,2000 
Product_1359,Whse_J,Category_019,2012/11/14,5000 
Product_1149,Whse_J,Category_006,2012/3/22,30000 
Product_1149,Whse_J,Category_006,2012/10/12,15000 
Product_1149,Whse_J,Category_006,2012/12/10,5000 
Product_0940,Whse_J,Category_005,2012/1/13,2000 
Product_0940,Whse_J,Category_005,2012/2/13,1000 
Product_0940,Whse_J,Category_005,2012/2/14,1000 
Product_0940,Whse_J,Category_005,2012/3/13,2000 
Product_0940,Whse_J,Category_005,2012/4/11,1000 
Product_0940,Whse_J,Category_005,2012/5/8,1000 
Product_0940,Whse_J,Category_005,2012/6/6,1000 
Product_0940,Whse_J,Category_005,2012/7/5,1000 
Product_0940,Whse_J,Category_005,2012/7/5,1000 
Product_0940,Whse_J,Category_005,2012/8/1,1000 
Product_0940,Whse_J,Category_005,2012/8/27,2000 
Product_0940,Whse_J,Category_005,2012/9/28,1000 
Product_0940,Whse_J,Category_005,2012/10/30,1000 
Product_0940,Whse_J,Category_005,2012/11/28,2000 
Product_0940,Whse_J,Category_005,2012/12/27,2000 
Product_0664,Whse_J,Category_011,2012/1/6,30 
Product_0664,Whse_J,Category_011,2012/2/22,40 
Product_0664,Whse_J,Category_011,2012/6/6,20 
Product_0664,Whse_J,Category_011,2012/7/5,30 
Product_0664,Whse_J,Category_011,2012/9/26,2 
Product_1632,Whse_J,Category_019,2012/9/18,1000 
Product_1359,Whse_J,Category_019,2012/6/5,1000 
Product_1359,Whse_J,Category_019,2012/8/2,1000 
Product_1359,Whse_J,Category_019,2012/8/30,3000 
Product_1359,Whse_J,Category_019,2012/11/16,50000 
Product_0931,Whse_J,Category_006,2012/2/13,5000 
Product_1312,Whse_J,Category_019,2012/2/14,1000 
Product_1312,Whse_J,Category_019,2012/3/9,200 
Product_1312,Whse_J,Category_019,2012/6/7,100 
Product_1312,Whse_J,Category_019,2012/7/20,100 
Product_1312,Whse_J,Category_019,2012/9/12,100 
Product_1312,Whse_J,Category_019,2012/10/29,500 
Product_1312,Whse_J,Category_019,2012/12/4,1000 
Product_1312,Whse_J,Category_019,2012/12/10,200 
Product_1312,Whse_J,Category_019,2012/12/13,1000 
Product_0931,Whse_J,Category_006,2012/3/28,5000 
Product_0613,Whse_J,Category_001,2012/9/28,1 
Product_1938,Whse_J,Category_001,2012/12/12,3 
Product_2001,Whse_J,Category_005,2012/1/31,100 
Product_2001,Whse_J,Category_005,2012/3/2,100 
Product_2010,Whse_J,Category_005,2012/3/2,300 
Product_2010,Whse_J,Category_005,2012/3/15,400 
Product_2010,Whse_J,Category_005,2012/3/19,500 
Product_2010,Whse_J,Category_005,2012/6/5,400 
Product_2001,Whse_J,Category_005,2012/7/11,100 
Product_2010,Whse_J,Category_005,2012/7/11,100 
Product_1970,Whse_J,Category_005,2012/9/11,1000 
Product_2010,Whse_J,Category_005,2012/9/12,300 
Product_1818,Whse_J,Category_006,2012/1/12,30000 
Product_1818,Whse_J,Category_006,2012/1/30,50000 
Product_1841,Whse_J,Category_006,2012/1/30,30000 
Product_1818,Whse_J,Category_006,2012/3/7,40000 
Product_1818,Whse_J,Category_006,2012/3/7,10000 
Product_1841,Whse_J,Category_006,2012/3/7,12000 
Product_1841,Whse_J,Category_006,2012/3/7,8000 
Product_1818,Whse_J,Category_006,2012/4/1,50000 
Product_1841,Whse_J,Category_006,2012/5/21,1000 
Product_1841,Whse_J,Category_006,2012/6/7,1000 
Product_1818,Whse_J,Category_006,2012/6/8,50000 
Product_1841,Whse_J,Category_006,2012/6/26,1000 
Product_1841,Whse_J,Category_006,2012/6/27,1000 
Product_1818,Whse_J,Category_006,2012/9/28,10000 
Product_1818,Whse_J,Category_006,2012/10/1,10000 
Product_1818,Whse_J,Category_006,2012/11/13,10000 
Product_1818,Whse_J,Category_006,2012/12/17,10000 
Product_1316,Whse_J,Category_019,2012/2/14,3000 
Product_1312,Whse_J,Category_019,2012/3/2,100 
Product_1427,Whse_J,Category_019,2012/3/2,600 
Product_1427,Whse_J,Category_019,2012/3/7,2000 
Product_1427,Whse_J,Category_019,2012/3/15,500 
Product_1312,Whse_J,Category_019,2012/3/26,2000 
Product_1316,Whse_J,Category_019,2012/5/11,4000 
Product_1350,Whse_J,Category_019,2012/5/24,1000 
Product_1427,Whse_J,Category_019,2012/6/5,700 
Product_1427,Whse_J,Category_019,2012/6/7,100 
Product_1312,Whse_J,Category_019,2012/6/20,1000 
Product_1316,Whse_J,Category_019,2012/6/20,4000 
Product_1427,Whse_J,Category_019,2012/6/20,1000 
Product_1316,Whse_J,Category_019,2012/6/20,100 
Product_1427,Whse_J,Category_019,2012/7/11,200 
Product_1427,Whse_J,Category_019,2012/7/20,100 
Product_1316,Whse_J,Category_019,2012/9/18,300 
Product_1513,Whse_J,Category_019,2012/9/18,200 
Product_1359,Whse_J,Category_019,2012/9/11,1000 
Product_1316,Whse_J,Category_019,2012/9/11,100 
Product_1427,Whse_J,Category_019,2012/9/12,700 
Product_1350,Whse_J,Category_019,2012/9/28,1000 
Product_1427,Whse_J,Category_019,2012/10/29,500 
Product_1316,Whse_J,Category_019,2012/10/29,2000 
Product_1427,Whse_J,Category_019,2012/12/4,1000 
Product_1316,Whse_J,Category_019,2012/12/14,4000 
Product_1763,Whse_J,Category_001,2012/1/5,1 
Product_1763,Whse_J,Category_001,2012/2/9,7 
Product_1763,Whse_J,Category_001,2012/2/16,7 
Product_1763,Whse_J,Category_001,2012/7/18,1 
Product_1763,Whse_J,Category_001,2012/9/28,1 
Product_1996,Whse_J,Category_019,2012/6/20,100 
Product_1996,Whse_J,Category_019,2012/7/26,200 
Product_1996,Whse_J,Category_019,2012/8/16,100 
Product_1996,Whse_J,Category_019,2012/8/22,100 
Product_1996,Whse_J,Category_019,2012/10/5,200 
Product_1996,Whse_J,Category_019,2012/10/26,200 
Product_2006,Whse_J,Category_005,2012/5/28,1000 
Product_2006,Whse_J,Category_005,2012/7/31,1000 
Product_2006,Whse_J,Category_005,2012/3/8,500 
Product_2006,Whse_J,Category_005,2012/2/14,1000 
Product_1286,Whse_J,Category_019,2012/2/16,5000 
Product_1286,Whse_J,Category_019,2012/3/19,2000 
Product_1286,Whse_J,Category_019,2012/4/20,7000 
Product_1286,Whse_J,Category_019,2012/6/19,2000 
Product_1286,Whse_J,Category_019,2012/6/21,5000 
Product_1286,Whse_J,Category_019,2012/7/18,2000 
Product_1286,Whse_J,Category_019,2012/8/2,2000 
Product_1286,Whse_J,Category_019,2012/11/19,2000 
Product_1286,Whse_J,Category_019,2012/12/6,2000 
Product_0981,Whse_J,Category_028,2012/2/1,50 
Product_0984,Whse_J,Category_028,2012/2/24,100 
Product_0981,Whse_J,Category_028,2012/6/6,150 
Product_0984,Whse_J,Category_028,2012/6/6,200 
Product_0984,Whse_J,Category_028,2012/7/31,100 
Product_1160,Whse_J,Category_006,2012/10/5,1000 
Product_1451,Whse_J,Category_019,2012/6/28,10000 
Product_1360,Whse_J,Category_019,2012/7/25,20000 
Product_0469,Whse_J,Category_005,2012/2/1,1200 
Product_0469,Whse_J,Category_005,2012/2/1,800 
Product_0033,Whse_J,Category_005,2012/2/6,2000 
Product_0033,Whse_J,Category_005,2012/2/28,3000 
Product_0033,Whse_J,Category_005,2012/3/30,3000 
Product_0033,Whse_J,Category_005,2012/5/22,2000 
Product_0011,Whse_J,Category_005,2012/5/25,3000 
Product_0033,Whse_J,Category_005,2012/6/5,3000 
Product_0011,Whse_J,Category_005,2012/10/15,3000 
Product_0469,Whse_J,Category_005,2012/10/17,1000 
Product_0033,Whse_J,Category_005,2012/11/1,3000 
Product_0033,Whse_J,Category_005,2012/12/17,3000 
Product_1360,Whse_J,Category_019,2012/1/30,20000 
Product_1360,Whse_J,Category_019,2012/2/28,20000 
Product_1360,Whse_J,Category_019,2012/2/21,20000 
Product_1359,Whse_J,Category_019,2012/3/9,1000 
Product_1360,Whse_J,Category_019,2012/4/27,20000 
Product_1360,Whse_J,Category_019,2012/6/13,20000 
Product_1360,Whse_J,Category_019,2012/9/10,20000 
Product_1360,Whse_J,Category_019,2012/10/4,20000 
Product_1360,Whse_J,Category_019,2012/11/1,20000 
Product_1360,Whse_J,Category_019,2012/11/21,20000 
Product_1360,Whse_J,Category_019,2012/12/21,20000 
Product_1973,Whse_J,Category_005,2012/2/27,5000 
Product_1973,Whse_J,Category_005,2012/7/6,5000 
Product_1316,Whse_J,Category_019,2012/3/2,100 
Product_1316,Whse_J,Category_019,2012/11/7,100 
Product_1316,Whse_J,Category_019,2012/11/21,300 
Product_1264,Whse_J,Category_019,2012/1/5,5000 
Product_1360,Whse_J,Category_019,2012/1/5,10000 
Product_1432,Whse_J,Category_019,2012/1/5,5000 
Product_1360,Whse_J,Category_019,2012/2/10,5000 
Product_1264,Whse_J,Category_019,2012/2/7,4000 
Product_1360,Whse_J,Category_019,2012/2/7,5000 
Product_1432,Whse_J,Category_019,2012/2/7,5000 
Product_1264,Whse_J,Category_019,2012/2/29,3000 
Product_1360,Whse_J,Category_019,2012/2/29,10000 
Product_1432,Whse_J,Category_019,2012/2/29,5000 
Product_1360,Whse_J,Category_019,2012/3/6,10000 
Product_1264,Whse_J,Category_019,2012/3/30,7000 
Product_1360,Whse_J,Category_019,2012/3/30,10000 
Product_1432,Whse_J,Category_019,2012/3/30,7000 
Product_1264,Whse_J,Category_019,2012/4/6,5000 
Product_1432,Whse_J,Category_019,2012/4/6,5000 
Product_1264,Whse_J,Category_019,2012/5/2,4000 
Product_1432,Whse_J,Category_019,2012/5/2,7000 
Product_1360,Whse_J,Category_019,2012/5/10,10000 
Product_1264,Whse_J,Category_019,2012/5/24,8000 
Product_1360,Whse_J,Category_019,2012/5/24,15000 
Product_1432,Whse_J,Category_019,2012/5/24,10000 
Product_1360,Whse_J,Category_019,2012/6/19,10000 
Product_1264,Whse_J,Category_019,2012/7/11,5000 
Product_1432,Whse_J,Category_019,2012/7/11,6000 
Product_1360,Whse_J,Category_019,2012/7/24,10000 
Product_1264,Whse_J,Category_019,2012/8/23,7000 
Product_1432,Whse_J,Category_019,2012/8/23,10000 
Product_1264,Whse_J,Category_019,2012/9/18,3000 
Product_1360,Whse_J,Category_019,2012/9/18,10000 
Product_1432,Whse_J,Category_019,2012/9/18,3000 
Product_1264,Whse_J,Category_019,2012/10/31,2000 
Product_1264,Whse_J,Category_019,2012/11/5,1000 
Product_1360,Whse_J,Category_019,2012/11/5,4000 
Product_1432,Whse_J,Category_019,2012/11/5,3000 
Product_1360,Whse_J,Category_019,2012/11/19,3000 
Product_1264,Whse_J,Category_019,2012/11/30,3000 
Product_1360,Whse_J,Category_019,2012/11/30,5000 
Product_1432,Whse_J,Category_019,2012/11/30,5000 
Product_1264,Whse_J,Category_019,2012/12/6,1000 
Product_1360,Whse_J,Category_019,2012/12/6,3000 
Product_1264,Whse_J,Category_019,2012/12/27,3000 
Product_1360,Whse_J,Category_019,2012/12/27,8000 
Product_1432,Whse_J,Category_019,2012/12/27,4000 
Product_1360,Whse_J,Category_019,2012/12/27,5000 
Product_0664,Whse_J,Category_011,2012/1/13,20 
Product_0187,Whse_J,Category_007,2012/4/12,50 
Product_2039,Whse_J,Category_011,2012/12/5,3 
Product_1023,Whse_J,Category_007,2012/12/20,200 
Product_2039,Whse_J,Category_011,2012/1/17,2 
Product_0664,Whse_J,Category_011,2012/2/1,20 
Product_2039,Whse_J,Category_011,2012/2/8,2 
Product_0315,Whse_J,Category_011,2012/2/29,80 
Product_0317,Whse_J,Category_011,2012/2/29,80 
Product_2039,Whse_J,Category_011,2012/2/23,2 
Product_0317,Whse_J,Category_011,2012/3/1,16 
Product_2039,Whse_J,Category_011,2012/3/6,2 
Product_0670,Whse_J,Category_011,2012/3/7,20 
Product_2039,Whse_J,Category_011,2012/3/8,2 
Product_0664,Whse_J,Category_011,2012/3/15,40 
Product_0317,Whse_J,Category_011,2012/3/30,16 
Product_2039,Whse_J,Category_011,2012/4/2,2 
Product_0664,Whse_J,Category_011,2012/4/2,30 
Product_2039,Whse_J,Category_011,2012/4/16,2 
Product_0317,Whse_J,Category_011,2012/5/2,16 
Product_0664,Whse_J,Category_011,2012/5/7,30 
Product_0317,Whse_J,Category_011,2012/5/9,32 
Product_0670,Whse_J,Category_011,2012/5/9,20 
Product_0317,Whse_J,Category_011,2012/5/10,16 
Product_2039,Whse_J,Category_011,2012/5/14,2 
Product_2039,Whse_J,Category_011,2012/7/25,2 
Product_0664,Whse_J,Category_011,2012/8/7,30 
Product_2039,Whse_J,Category_011,2012/8/22,2 
Product_0664,Whse_J,Category_011,2012/9/5,20 
Product_2039,Whse_J,Category_011,2012/9/21,2 
Product_2039,Whse_J,Category_011,2012/9/24,2 
Product_0670,Whse_J,Category_011,2012/10/1,20 
Product_0664,Whse_J,Category_011,2012/10/2,10 
Product_0317,Whse_J,Category_011,2012/10/10,16 
Product_0664,Whse_J,Category_011,2012/10/18,10 
Product_2039,Whse_J,Category_011,2012/10/26,2 
Product_0664,Whse_J,Category_011,2012/11/1,20 
Product_0315,Whse_J,Category_011,2012/11/9,24 
Product_0670,Whse_J,Category_011,2012/11/15,10 
Product_0664,Whse_J,Category_011,2012/11/20,10 
Product_0664,Whse_J,Category_011,2012/11/26,10 
Product_2039,Whse_J,Category_011,2012/11/28,2 
Product_0317,Whse_J,Category_011,2012/11/30,8 
Product_0664,Whse_J,Category_011,2012/12/3,40 
Product_0314,Whse_J,Category_011,2012/12/13,24 
Product_0670,Whse_J,Category_011,2012/12/27,10 
Product_0102,Whse_J,Category_015,2012/6/6,4 
Product_0102,Whse_J,Category_015,2012/6/6,6 
Product_0102,Whse_J,Category_015,2012/10/11,10 
Product_0102,Whse_J,Category_015,2012/11/2,7 
Product_1023,Whse_J,Category_007,2012/2/28,300 
Product_1023,Whse_J,Category_007,2012/1/31,1000 
Product_1023,Whse_J,Category_007,2012/1/11,200 
Product_0223,Whse_J,Category_007,2012/1/18,10 
Product_1023,Whse_J,Category_007,2012/1/24,100 
Product_1886,Whse_J,Category_007,2012/1/25,500 
Product_1017,Whse_J,Category_007,2012/1/27,500 
Product_0179,Whse_J,Category_007,2012/1/30,5 
Product_1886,Whse_J,Category_007,2012/2/2,500 
Product_0215,Whse_J,Category_007,2012/2/3,5 
Product_1023,Whse_J,Category_007,2012/2/6,200 
Product_1886,Whse_J,Category_007,2012/2/7,500 
Product_0183,Whse_J,Category_007,2012/2/8,10 
Product_0178,Whse_J,Category_007,2012/2/15,100 
Product_1886,Whse_J,Category_007,2012/2/16,500 
Product_1023,Whse_J,Category_007,2012/2/17,100 
Product_1023,Whse_J,Category_007,2012/2/28,200 
Product_0215,Whse_J,Category_007,2012/3/1,3 
Product_1023,Whse_J,Category_007,2012/3/2,100 
Product_0178,Whse_J,Category_007,2012/3/6,10 
Product_0178,Whse_J,Category_007,2012/3/7,60 
Product_1023,Whse_J,Category_007,2012/3/9,100 
Product_1886,Whse_J,Category_007,2012/3/15,500 
Product_0178,Whse_J,Category_007,2012/3/16,100 
Product_0178,Whse_J,Category_007,2012/3/19,150 
Product_1023,Whse_J,Category_007,2012/3/21,200 
Product_1023,Whse_J,Category_007,2012/4/1,200 
Product_0178,Whse_J,Category_007,2012/3/30,5 
Product_1023,Whse_J,Category_007,2012/4/19,100 
Product_0183,Whse_J,Category_007,2012/3/30,10 
Product_1023,Whse_J,Category_007,2012/4/5,100 
Product_1023,Whse_J,Category_007,2012/4/4,400 
Product_1025,Whse_J,Category_007,2012/4/6,51 
Product_1017,Whse_J,Category_007,2012/4/6,500 
Product_1886,Whse_J,Category_007,2012/4/9,500 
Product_0216,Whse_J,Category_007,2012/4/12,2 
Product_1023,Whse_J,Category_007,2012/4/13,100 
Product_0178,Whse_J,Category_007,2012/4/17,10 
Product_0179,Whse_J,Category_007,2012/4/17,10 
Product_1886,Whse_J,Category_007,2012/5/1,1000 
Product_0178,Whse_J,Category_007,2012/4/27,95 
Product_0223,Whse_J,Category_007,2012/5/7,10 
Product_0183,Whse_J,Category_007,2012/5/8,10 
Product_1023,Whse_J,Category_007,2012/5/11,1300 
Product_1023,Whse_J,Category_007,2012/5/15,100 
Product_1023,Whse_J,Category_007,2012/5/29,100 
Product_1023,Whse_J,Category_007,2012/5/15,200 
Product_1025,Whse_J,Category_007,2012/5/18,10 
Product_1025,Whse_J,Category_007,2012/5/18,40 
Product_1023,Whse_J,Category_007,2012/5/24,200 
Product_1886,Whse_J,Category_007,2012/6/1,500 
Product_1017,Whse_J,Category_007,2012/5/31,500 
Product_1023,Whse_J,Category_007,2012/6/3,200 
Product_1023,Whse_J,Category_007,2012/5/31,300 
Product_0178,Whse_J,Category_007,2012/6/4,150 
Product_0178,Whse_J,Category_007,2012/6/3,100 
Product_1023,Whse_J,Category_007,2012/6/5,200 
Product_1025,Whse_J,Category_007,2012/6/8,1 
Product_0178,Whse_J,Category_007,2012/6/19,5 
Product_1023,Whse_J,Category_007,2012/6/20,100 
Product_1886,Whse_J,Category_007,2012/7/2,1000 
Product_1023,Whse_J,Category_007,2012/6/25,200 
Product_0178,Whse_J,Category_007,2012/7/9,100 
Product_1023,Whse_J,Category_007,2012/7/11,200 
Product_1023,Whse_J,Category_007,2012/7/23,100 
Product_1023,Whse_J,Category_007,2012/7/18,200 
Product_1025,Whse_J,Category_007,2012/8/2,10 
Product_1025,Whse_J,Category_007,2012/8/2,40 
Product_1023,Whse_J,Category_007,2012/7/24,300 
Product_1886,Whse_J,Category_007,2012/7/25,1000 
Product_1016,Whse_J,Category_007,2012/7/26,10000 
Product_1016,Whse_J,Category_007,2012/7/26,40000 
Product_0223,Whse_J,Category_007,2012/7/26,3 
Product_1023,Whse_J,Category_007,2012/7/27,100 
Product_1023,Whse_J,Category_007,2012/7/30,200 
Product_1023,Whse_J,Category_007,2012/8/1,100 
Product_0178,Whse_J,Category_007,2012/8/2,10 
Product_1023,Whse_J,Category_007,2012/10/3,100 
Product_0178,Whse_J,Category_007,2012/8/9,5 
Product_1023,Whse_J,Category_007,2012/8/23,200 
Product_1023,Whse_J,Category_007,2012/8/24,100 
Product_1017,Whse_J,Category_007,2012/8/27,500 
Product_1023,Whse_J,Category_007,2012/8/27,100 
Product_1023,Whse_J,Category_007,2012/9/3,100 
Product_1023,Whse_J,Category_007,2012/8/31,200 
Product_0223,Whse_J,Category_007,2012/9/4,10 
Product_0178,Whse_J,Category_007,2012/9/5,100 
Product_1023,Whse_J,Category_007,2012/9/5,100 
Product_0183,Whse_J,Category_007,2012/9/5,5 
Product_1018,Whse_J,Category_007,2012/9/6,1000 
Product_1886,Whse_J,Category_007,2012/9/6,500 
Product_1023,Whse_J,Category_007,2012/9/28,100 
Product_1886,Whse_J,Category_007,2012/9/10,500 
Product_0178,Whse_J,Category_007,2012/9/14,100 
Product_1023,Whse_J,Category_007,2012/9/19,200 
Product_1023,Whse_J,Category_007,2012/9/19,100 
Product_1017,Whse_J,Category_007,2012/9/21,50 
Product_1023,Whse_J,Category_007,2012/10/10,100 
Product_1886,Whse_J,Category_007,2012/9/25,500 
Product_1023,Whse_J,Category_007,2012/9/28,200 
Product_0178,Whse_J,Category_007,2012/9/27,24 
Product_1023,Whse_J,Category_007,2012/10/10,100 
Product_1025,Whse_J,Category_007,2012/10/2,50 
Product_1023,Whse_J,Category_007,2012/10/5,200 
Product_1886,Whse_J,Category_007,2012/10/11,500 
Product_0178,Whse_J,Category_007,2012/10/12,100 
Product_1023,Whse_J,Category_007,2012/10/12,100 
Product_0178,Whse_J,Category_007,2012/10/17,5 
Product_1023,Whse_J,Category_007,2012/10/18,100 
Product_0178,Whse_J,Category_007,2012/10/19,100 
Product_0178,Whse_J,Category_007,2012/10/30,100 
Product_1023,Whse_J,Category_007,2012/10/26,100 
Product_1017,Whse_J,Category_007,2012/10/25,450 
Product_1023,Whse_J,Category_007,2012/10/26,200 
Product_1023,Whse_J,Category_007,2012/11/2,200 
Product_0183,Whse_J,Category_007,2012/11/2,5 
Product_0223,Whse_J,Category_007,2012/11/2,5 
Product_0178,Whse_J,Category_007,2012/11/8,3 
Product_1025,Whse_J,Category_007,2012/11/8,50 
Product_0183,Whse_J,Category_007,2012/11/9,5 
Product_1023,Whse_J,Category_007,2012/11/12,200 
Product_1023,Whse_J,Category_007,2012/11/12,100 
Product_0219,Whse_J,Category_007,2012/11/15,2 
Product_1023,Whse_J,Category_007,2012/11/16,100 
Product_1017,Whse_J,Category_007,2012/11/16,500 
Product_0214,Whse_J,Category_007,2012/11/19,20 
Product_1023,Whse_J,Category_007,2012/11/20,200 
Product_0178,Whse_J,Category_007,2012/11/26,200 
Product_1023,Whse_J,Category_007,2012/12/3,100 
Product_1886,Whse_J,Category_007,2012/12/3,1000 
Product_0183,Whse_J,Category_007,2012/12/13,64 
Product_0185,Whse_J,Category_007,2012/12/13,8 
Product_0178,Whse_J,Category_007,2012/12/14,100 
Product_1023,Whse_J,Category_007,2012/12/14,200 
Product_0178,Whse_J,Category_007,2012/12/17,64 
Product_1023,Whse_J,Category_007,2012/12/19,200 
Product_1886,Whse_J,Category_007,2012/12/21,1000 
Product_0344,Whse_J,Category_021,2012/3/7,1 
Product_0345,Whse_J,Category_021,2012/3/7,1 
Product_0344,Whse_J,Category_021,2012/9/27,1 
Product_0345,Whse_J,Category_021,2012/11/29,2 
Product_0308,Whse_J,Category_024,2012/2/29,15 
Product_0308,Whse_J,Category_024,2012/7/2,1 
Product_0308,Whse_J,Category_024,2012/7/31,8 
Product_0308,Whse_J,Category_024,2012/11/2,2 
Product_0308,Whse_J,Category_024,2012/12/12,6 
Product_0616,Whse_J,Category_001,2012/2/1,1 
Product_0623,Whse_J,Category_001,2012/1/23,1 
Product_0623,Whse_J,Category_001,2012/3/22,1 
Product_0623,Whse_J,Category_001,2012/3/23,1 
Product_0616,Whse_J,Category_001,2012/4/5,1 
Product_0623,Whse_J,Category_001,2012/4/3,1 
Product_0623,Whse_J,Category_001,2012/4/17,1 
Product_0616,Whse_J,Category_001,2012/5/11,1 
Product_0616,Whse_J,Category_001,2012/6/21,1 
Product_0623,Whse_J,Category_001,2012/5/31,1 
Product_0623,Whse_J,Category_001,2012/6/27,1 
Product_0616,Whse_J,Category_001,2012/7/12,1 
Product_0623,Whse_J,Category_001,2012/7/12,1 
Product_0623,Whse_J,Category_001,2012/7/20,1 
Product_0623,Whse_J,Category_001,2012/8/7,1 
Product_0616,Whse_J,Category_001,2012/8/1,1 
Product_0623,Whse_J,Category_001,2012/8/6,1 
Product_0616,Whse_J,Category_001,2012/10/15,1 
Product_0623,Whse_J,Category_001,2012/11/15,1 
Product_0623,Whse_J,Category_001,2012/12/10,1 
Product_1991,Whse_J,Category_005,2012/1/12,5000 
Product_0012,Whse_J,Category_005,2012/1/16,1000 
Product_2027,Whse_J,Category_005,2012/1/23,5000 
Product_0358,Whse_J,Category_005,2012/1/26,1000 
Product_0033,Whse_J,Category_005,2012/2/2,5000 
Product_0012,Whse_J,Category_005,2012/2/7,5000 
Product_0027,Whse_J,Category_005,2012/2/29,2000 
Product_0012,Whse_J,Category_005,2012/3/7,1000 
Product_0033,Whse_J,Category_005,2012/3/29,5000 
Product_1991,Whse_J,Category_005,2012/4/3,5000 
Product_0012,Whse_J,Category_005,2012/5/31,5000 
Product_0033,Whse_J,Category_005,2012/6/19,5000 
Product_0033,Whse_J,Category_005,2012/6/20,5000 
Product_1973,Whse_J,Category_005,2012/6/25,100 
Product_2027,Whse_J,Category_005,2012/6/25,100 
Product_0012,Whse_J,Category_005,2012/6/29,1000 
Product_0012,Whse_J,Category_005,2012/7/2,1000 
Product_2024,Whse_J,Category_005,2012/7/5,500 
Product_0027,Whse_J,Category_005,2012/7/10,1000 
Product_0012,Whse_J,Category_005,2012/7/19,5000 
Product_1991,Whse_J,Category_005,2012/7/20,5000 
Product_2027,Whse_J,Category_005,2012/7/20,5000 
Product_0012,Whse_J,Category_005,2012/8/9,1000 
Product_0033,Whse_J,Category_005,2012/9/3,5000 
Product_2024,Whse_J,Category_005,2012/9/10,500 
Product_0012,Whse_J,Category_005,2012/9/18,1000 
Product_0018,Whse_J,Category_005,2012/10/5,500 
Product_0033,Whse_J,Category_005,2012/10/10,5000 
Product_0012,Whse_J,Category_005,2012/11/8,1000 
Product_2010,Whse_J,Category_005,2012/10/23,1000 
Product_2024,Whse_J,Category_005,2012/11/5,1000 
Product_0358,Whse_J,Category_005,2012/11/5,1000 
Product_0012,Whse_J,Category_005,2012/11/7,1000 
Product_1991,Whse_J,Category_005,2012/11/15,5000 
Product_0012,Whse_J,Category_005,2012/11/28,5000 
Product_0033,Whse_J,Category_005,2012/12/3,5000 
Product_2010,Whse_J,Category_005,2012/12/6,1000 
Product_2043,Whse_J,Category_019,2012/1/6,30000 
Product_2047,Whse_J,Category_019,2012/1/6,10000 
Product_2048,Whse_J,Category_019,2012/1/6,10000 
Product_2045,Whse_J,Category_019,2012/1/10,10000 
Product_2042,Whse_J,Category_019,2012/1/12,50000 
Product_2044,Whse_J,Category_019,2012/1/12,20000 
Product_2043,Whse_J,Category_019,2012/1/13,30000 
Product_2044,Whse_J,Category_019,2012/1/16,20000 
Product_2045,Whse_J,Category_019,2012/1/19,10000 
Product_1995,Whse_J,Category_019,2012/1/23,500 
Product_1643,Whse_J,Category_019,2012/1/27,1000 
Product_2046,Whse_J,Category_019,2012/1/23,10000 
Product_2044,Whse_J,Category_019,2012/1/26,20000 
Product_2046,Whse_J,Category_019,2012/1/27,20000 
Product_2047,Whse_J,Category_019,2012/1/27,10000 
Product_1995,Whse_J,Category_019,2012/1/31,500 
Product_2043,Whse_J,Category_019,2012/2/1,30000 
Product_2045,Whse_J,Category_019,2012/2/1,10000 
Product_0639,Whse_J,Category_019,2012/2/28,50 
Product_0639,Whse_J,Category_019,2012/3/7,50 
Product_2042,Whse_J,Category_019,2012/2/3,50000 
Product_2048,Whse_J,Category_019,2012/2/7,10000 
Product_2044,Whse_J,Category_019,2012/2/7,35900 
Product_2044,Whse_J,Category_019,2012/2/7,4100 
Product_2046,Whse_J,Category_019,2012/2/14,10000 
Product_2043,Whse_J,Category_019,2012/2/17,30000 
Product_2045,Whse_J,Category_019,2012/2/17,10000 
Product_2047,Whse_J,Category_019,2012/2/17,10000 
Product_2042,Whse_J,Category_019,2012/2/21,50000 
Product_2045,Whse_J,Category_019,2012/2/24,10000 
Product_2044,Whse_J,Category_019,2012/2/27,40000 
Product_2043,Whse_J,Category_019,2012/2/28,30000 
Product_2048,Whse_J,Category_019,2012/3/1,10000 
Product_2045,Whse_J,Category_019,2012/3/1,10000 
Product_2046,Whse_J,Category_019,2012/3/5,10000 
Product_2047,Whse_J,Category_019,2012/3/5,10000 
Product_1995,Whse_J,Category_019,2012/3/5,400 
Product_1643,Whse_J,Category_019,2012/3/7,1600 
Product_1643,Whse_J,Category_019,2012/3/7,400 
Product_2042,Whse_J,Category_019,2012/3/9,50000 
Product_2045,Whse_J,Category_019,2012/3/13,10000 
Product_2042,Whse_J,Category_019,2012/3/15,50000 
Product_2046,Whse_J,Category_019,2012/3/15,10000 
Product_1643,Whse_J,Category_019,2012/4/6,100 
Product_2043,Whse_J,Category_019,2012/3/21,30000 
Product_2046,Whse_J,Category_019,2012/3/23,10000 
Product_2047,Whse_J,Category_019,2012/3/23,10000 
Product_2045,Whse_J,Category_019,2012/3/26,10000 
Product_2046,Whse_J,Category_019,2012/3/27,20000 
Product_1996,Whse_J,Category_019,2012/3/29,100 
Product_2044,Whse_J,Category_019,2012/3/29,20000 
Product_2045,Whse_J,Category_019,2012/4/3,10000 
Product_2048,Whse_J,Category_019,2012/4/3,10000 
Product_2042,Whse_J,Category_019,2012/4/5,50000 
Product_2043,Whse_J,Category_019,2012/4/9,30000 
Product_2045,Whse_J,Category_019,2012/4/10,10000 
Product_2047,Whse_J,Category_019,2012/4/10,10000 
Product_2044,Whse_J,Category_019,2012/4/13,20000 
Product_2043,Whse_J,Category_019,2012/4/19,30000 
Product_2046,Whse_J,Category_019,2012/4/19,5300 
Product_2046,Whse_J,Category_019,2012/4/19,4700 
Product_2048,Whse_J,Category_019,2012/4/19,10000 
Product_2045,Whse_J,Category_019,2012/4/24,10000 
Product_2046,Whse_J,Category_019,2012/4/24,10000 
Product_1643,Whse_J,Category_019,2012/4/24,100 
Product_2042,Whse_J,Category_019,2012/4/25,50000 
Product_2043,Whse_J,Category_019,2012/4/25,30000 
Product_2047,Whse_J,Category_019,2012/5/1,10000 
Product_2045,Whse_J,Category_019,2012/5/7,10000 
Product_2044,Whse_J,Category_019,2012/5/8,20000 
Product_2042,Whse_J,Category_019,2012/5/14,50000 
Product_2046,Whse_J,Category_019,2012/5/10,10000 
Product_2045,Whse_J,Category_019,2012/5/14,10000 
Product_0639,Whse_J,Category_019,2012/5/16,7 
Product_0639,Whse_J,Category_019,2012/5/16,3 
Product_2047,Whse_J,Category_019,2012/5/18,10000 
Product_2044,Whse_J,Category_019,2012/5/21,20000 
Product_2046,Whse_J,Category_019,2012/5/21,10000 
Product_2043,Whse_J,Category_019,2012/5/22,30000 
Product_2045,Whse_J,Category_019,2012/5/24,10000 
Product_2046,Whse_J,Category_019,2012/6/1,10000 
Product_2047,Whse_J,Category_019,2012/6/1,10000 
Product_2048,Whse_J,Category_019,2012/5/30,10000 
Product_1995,Whse_J,Category_019,2012/5/31,500 
Product_2045,Whse_J,Category_019,2012/5/31,20000 
Product_2044,Whse_J,Category_019,2012/6/5,20000 
Product_2047,Whse_J,Category_019,2012/6/5,10000 
Product_2042,Whse_J,Category_019,2012/6/6,50000 
Product_2046,Whse_J,Category_019,2012/6/7,10000 
Product_2043,Whse_J,Category_019,2012/6/12,30000 
Product_2044,Whse_J,Category_019,2012/6/12,20000 
Product_1643,Whse_J,Category_019,2012/6/20,1000 
Product_1643,Whse_J,Category_019,2012/6/20,100 
Product_2046,Whse_J,Category_019,2012/6/19,10000 
Product_0639,Whse_J,Category_019,2012/6/21,7 
Product_2045,Whse_J,Category_019,2012/6/21,10000 
Product_2042,Whse_J,Category_019,2012/7/2,50000 
Product_2048,Whse_J,Category_019,2012/6/26,10000 
Product_2042,Whse_J,Category_019,2012/7/2,50000 
Product_2048,Whse_J,Category_019,2012/7/2,10000 
Product_2047,Whse_J,Category_019,2012/7/2,10000 
Product_2043,Whse_J,Category_019,2012/7/2,30000 
Product_2044,Whse_J,Category_019,2012/7/2,20000 
Product_2045,Whse_J,Category_019,2012/7/6,10000 
Product_2045,Whse_J,Category_019,2012/7/6,10000 
Product_2044,Whse_J,Category_019,2012/7/9,20000 
Product_2046,Whse_J,Category_019,2012/7/11,10000 
Product_2047,Whse_J,Category_019,2012/7/13,10000 
Product_2042,Whse_J,Category_019,2012/7/19,50000 
Product_2048,Whse_J,Category_019,2012/7/20,10000 
Product_2043,Whse_J,Category_019,2012/7/23,30000 
Product_2044,Whse_J,Category_019,2012/7/23,20000 
Product_2046,Whse_J,Category_019,2012/7/26,10000 
Product_2047,Whse_J,Category_019,2012/8/1,20000 
Product_2045,Whse_J,Category_019,2012/8/1,20000 
Product_1643,Whse_J,Category_019,2012/7/30,100 
Product_2043,Whse_J,Category_019,2012/8/2,30000 
Product_1995,Whse_J,Category_019,2012/8/2,500 
Product_1643,Whse_J,Category_019,2012/8/7,100 
Product_2044,Whse_J,Category_019,2012/8/9,20000 
Product_2042,Whse_J,Category_019,2012/8/9,50000 
Product_1995,Whse_J,Category_019,2012/8/17,100 
Product_2043,Whse_J,Category_019,2012/8/16,30000 
Product_1996,Whse_J,Category_019,2012/8/16,200 
Product_2046,Whse_J,Category_019,2012/8/16,10000 
Product_2048,Whse_J,Category_019,2012/8/22,5000 
Product_2048,Whse_J,Category_019,2012/8/22,10000 
Product_2045,Whse_J,Category_019,2012/8/22,20000 
Product_2046,Whse_J,Category_019,2012/8/22,20000 
Product_2044,Whse_J,Category_019,2012/8/23,20000 
Product_2047,Whse_J,Category_019,2012/8/27,10000 
Product_2042,Whse_J,Category_019,2012/8/28,50000 
Product_2043,Whse_J,Category_019,2012/8/28,30000 
Product_1995,Whse_J,Category_019,2012/8/31,100 
Product_2048,Whse_J,Category_019,2012/9/6,10000 
Product_1643,Whse_J,Category_019,2012/9/18,300 
Product_2044,Whse_J,Category_019,2012/9/7,20000 
Product_2047,Whse_J,Category_019,2012/9/7,10000 
Product_2045,Whse_J,Category_019,2012/9/10,10000 
Product_1995,Whse_J,Category_019,2012/9/11,100 
Product_1996,Whse_J,Category_019,2012/9/11,200 
Product_2043,Whse_J,Category_019,2012/9/12,30000 
Product_2046,Whse_J,Category_019,2012/9/12,10000 
Product_1643,Whse_J,Category_019,2012/9/19,100 
Product_2047,Whse_J,Category_019,2012/9/19,10000 
Product_2042,Whse_J,Category_019,2012/9/21,50000 
Product_2048,Whse_J,Category_019,2012/9/24,10000 
Product_2044,Whse_J,Category_019,2012/9/25,20000 
Product_2047,Whse_J,Category_019,2012/10/1,10000 
Product_1995,Whse_J,Category_019,2012/9/28,100 
Product_2042,Whse_J,Category_019,2012/10/2,50000 
Product_2046,Whse_J,Category_019,2012/10/2,10000 
Product_2043,Whse_J,Category_019,2012/10/3,30000 
Product_2045,Whse_J,Category_019,2012/10/9,10000 
Product_2044,Whse_J,Category_019,2012/10/10,20000 
Product_2046,Whse_J,Category_019,2012/10/16,10000 
Product_2047,Whse_J,Category_019,2012/10/18,10000 
Product_1643,Whse_J,Category_019,2012/10/29,500 
Product_2047,Whse_J,Category_019,2012/10/22,10000 
Product_0639,Whse_J,Category_019,2012/12/4,100 
Product_2046,Whse_J,Category_019,2012/10/23,10000 
Product_2042,Whse_J,Category_019,2012/10/26,50000 
Product_2043,Whse_J,Category_019,2012/10/26,30000 
Product_2044,Whse_J,Category_019,2012/10/26,20000 
Product_2048,Whse_J,Category_019,2012/10/26,10000 
Product_2045,Whse_J,Category_019,2012/11/1,10000 
Product_2046,Whse_J,Category_019,2012/11/1,10000 
Product_2045,Whse_J,Category_019,2012/11/1,10000 
Product_2046,Whse_J,Category_019,2012/11/1,5300 
Product_2046,Whse_J,Category_019,2012/11/1,4700 
Product_1995,Whse_J,Category_019,2012/11/1,500 
Product_2044,Whse_J,Category_019,2012/11/6,20000 
Product_1995,Whse_J,Category_019,2012/11/13,500 
Product_2043,Whse_J,Category_019,2012/11/7,30000 
Product_2046,Whse_J,Category_019,2012/11/7,10000 
Product_2045,Whse_J,Category_019,2012/11/8,10000 
Product_2042,Whse_J,Category_019,2012/11/12,50000 
Product_2048,Whse_J,Category_019,2012/11/14,10000 
Product_1995,Whse_J,Category_019,2012/11/15,500 
Product_2047,Whse_J,Category_019,2012/11/16,20000 
Product_2048,Whse_J,Category_019,2012/11/16,10000 
Product_2044,Whse_J,Category_019,2012/11/19,20000 
Product_2046,Whse_J,Category_019,2012/11/19,5000 
Product_2046,Whse_J,Category_019,2012/11/19,5000 
Product_2048,Whse_J,Category_019,2012/11/19,10000 
Product_2047,Whse_J,Category_019,2012/11/22,10000 
Product_2042,Whse_J,Category_019,2012/12/3,50000 
Product_2043,Whse_J,Category_019,2012/12/3,30000 
Product_2046,Whse_J,Category_019,2012/12/3,15000 
Product_2046,Whse_J,Category_019,2012/12/3,5000 
Product_2047,Whse_J,Category_019,2012/12/3,20000 
Product_2048,Whse_J,Category_019,2012/12/3,900 
Product_2048,Whse_J,Category_019,2012/12/3,1500 
Product_2048,Whse_J,Category_019,2012/12/3,17600 
Product_2044,Whse_J,Category_019,2012/12/6,20000 
Product_2045,Whse_J,Category_019,2012/12/10,10000 
Product_1643,Whse_J,Category_019,2012/12/14,1000 
Product_2043,Whse_J,Category_019,2012/12/13,30000 
Product_2044,Whse_J,Category_019,2012/12/17,20000 
Product_2042,Whse_J,Category_019,2012/12/17,50000 
Product_2046,Whse_J,Category_019,2012/12/27,10000 
Product_0317,Whse_J,Category_011,2012/1/5,32 
Product_0308,Whse_J,Category_024,2012/3/7,21 
Product_1226,Whse_J,Category_019,2012/2/7,500 
Product_1226,Whse_J,Category_019,2012/2/27,600 
Product_1226,Whse_J,Category_019,2012/10/5,600 
Product_1226,Whse_J,Category_019,2012/11/9,100 
Product_1226,Whse_J,Category_019,2012/11/12,600 
Product_1226,Whse_J,Category_019,2012/1/5,600 
Product_1357,Whse_J,Category_019,2012/1/10,1000 
Product_1400,Whse_J,Category_019,2012/1/10,1000 
Product_1995,Whse_J,Category_019,2012/1/16,100 
Product_1995,Whse_J,Category_019,2012/1/13,100 
Product_1357,Whse_J,Category_019,2012/1/16,5000 
Product_1400,Whse_J,Category_019,2012/1/18,1000 
Product_1400,Whse_J,Category_019,2012/3/2,1000 
Product_1357,Whse_J,Category_019,2012/3/5,1000 
Product_1400,Whse_J,Category_019,2012/3/5,1000 
Product_1226,Whse_J,Category_019,2012/3/5,200 
Product_1400,Whse_J,Category_019,2012/4/19,2000 
Product_1995,Whse_J,Category_019,2012/5/22,100 
Product_1357,Whse_J,Category_019,2012/5/30,1000 
Product_1400,Whse_J,Category_019,2012/6/12,1000 
Product_1400,Whse_J,Category_019,2012/6/19,1000 
Product_1400,Whse_J,Category_019,2012/7/10,2000 
Product_1400,Whse_J,Category_019,2012/7/17,1000 
Product_1400,Whse_J,Category_019,2012/7/27,1000 
Product_1995,Whse_J,Category_019,2012/8/31,100 
Product_1400,Whse_J,Category_019,2012/8/1,1000 
Product_1995,Whse_J,Category_019,2012/8/30,100 
Product_1995,Whse_J,Category_019,2012/8/30,100 
Product_1357,Whse_J,Category_019,2012/8/31,1000 
Product_1400,Whse_J,Category_019,2012/8/31,1000 
Product_1357,Whse_J,Category_019,2012/9/27,1000 
Product_0943,Whse_J,Category_005,2012/1/5,1000 
Product_0943,Whse_J,Category_005,2012/1/16,1000 
Product_0943,Whse_J,Category_005,2012/1/16,1000 
Product_0943,Whse_J,Category_005,2012/1/16,1000 
Product_0031,Whse_J,Category_005,2012/1/19,100 
Product_0943,Whse_J,Category_005,2012/1/11,1000 
Product_0031,Whse_J,Category_005,2012/1/27,300 
Product_1969,Whse_J,Category_005,2012/1/5,3000 
Product_0031,Whse_J,Category_005,2012/1/12,500 
Product_0031,Whse_J,Category_005,2012/2/13,200 
Product_0943,Whse_J,Category_005,2012/2/16,1000 
Product_0943,Whse_J,Category_005,2012/2/10,1000 
Product_0943,Whse_J,Category_005,2012/2/28,1000 
Product_0943,Whse_J,Category_005,2012/2/22,1000 
Product_0943,Whse_J,Category_005,2012/1/30,1000 
Product_0943,Whse_J,Category_005,2012/3/15,1000 
Product_0031,Whse_J,Category_005,2012/2/13,100 
Product_0943,Whse_J,Category_005,2012/2/15,1000 
Product_0943,Whse_J,Category_005,2012/3/7,1000 
Product_0943,Whse_J,Category_005,2012/4/4,1000 
Product_0943,Whse_J,Category_005,2012/4/9,2000 
Product_1969,Whse_J,Category_005,2012/3/2,3000 
Product_0943,Whse_J,Category_005,2012/3/28,1000 
Product_0943,Whse_J,Category_005,2012/3/28,2000 
Product_1969,Whse_J,Category_005,2012/3/16,3000 
Product_0031,Whse_J,Category_005,2012/4/27,100 
Product_0943,Whse_J,Category_005,2012/4/5,1000 
Product_0943,Whse_J,Category_005,2012/5/14,1000 
Product_0943,Whse_J,Category_005,2012/3/22,1000 
Product_0943,Whse_J,Category_005,2012/5/15,1000 
Product_0943,Whse_J,Category_005,2012/4/9,2000 
Product_0031,Whse_J,Category_005,2012/4/27,100 
Product_0031,Whse_J,Category_005,2012/4/5,100 
Product_0943,Whse_J,Category_005,2012/4/6,4000 
Product_0943,Whse_J,Category_005,2012/4/27,3000 
Product_0943,Whse_J,Category_005,2012/5/17,1000 
Product_0943,Whse_J,Category_005,2012/5/29,1000 
Product_0943,Whse_J,Category_005,2012/4/27,3000 
Product_0943,Whse_J,Category_005,2012/5/15,1000 
Product_0943,Whse_J,Category_005,2012/5/30,1000 
Product_0943,Whse_J,Category_005,2012/4/18,2000 
Product_0031,Whse_J,Category_005,2012/5/29,400 
Product_0031,Whse_J,Category_005,2012/5/30,100 
Product_0943,Whse_J,Category_005,2012/5/30,5000 
Product_0943,Whse_J,Category_005,2012/6/27,1000 
Product_0943,Whse_J,Category_005,2012/5/11,3000 
Product_0943,Whse_J,Category_005,2012/5/30,1000 
Product_1969,Whse_J,Category_005,2012/5/21,3000 
Product_0943,Whse_J,Category_005,2012/6/6,1000 
Product_0943,Whse_J,Category_005,2012/7/2,1000 
Product_0943,Whse_J,Category_005,2012/6/27,2000 
Product_0943,Whse_J,Category_005,2012/7/10,1000 
Product_0943,Whse_J,Category_005,2012/7/15,1000 
Product_0031,Whse_J,Category_005,2012/6/28,200 
Product_0943,Whse_J,Category_005,2012/6/27,1000 
Product_0943,Whse_J,Category_005,2012/7/31,2000 
Product_0943,Whse_J,Category_005,2012/8/9,1000 
Product_0943,Whse_J,Category_005,2012/8/10,2000 
Product_0031,Whse_J,Category_005,2012/7/11,300 
Product_0943,Whse_J,Category_005,2012/8/10,2000 
Product_0943,Whse_J,Category_005,2012/7/4,1000 
Product_0943,Whse_J,Category_005,2012/8/10,1000 
Product_0943,Whse_J,Category_005,2012/8/21,1000 
Product_1969,Whse_J,Category_005,2012/7/4,3000 
Product_0943,Whse_J,Category_005,2012/7/11,1000 
Product_0943,Whse_J,Category_005,2012/7/10,1000 
Product_0943,Whse_J,Category_005,2012/7/17,1000 
Product_0031,Whse_J,Category_005,2012/8/29,500 
Product_0031,Whse_J,Category_005,2012/8/1,400 
Product_0943,Whse_J,Category_005,2012/9/2,1000 
Product_0943,Whse_J,Category_005,2012/10/10,1000 
Product_0943,Whse_J,Category_005,2012/9/14,1000 
Product_0031,Whse_J,Category_005,2012/10/2,100 
Product_0943,Whse_J,Category_005,2012/10/18,1000 
Product_0943,Whse_J,Category_005,2012/11/28,1000 
Product_0943,Whse_J,Category_005,2012/10/30,1000 
Product_0943,Whse_J,Category_005,2012/10/31,3000 
Product_0943,Whse_J,Category_005,2012/10/15,1000 
Product_1969,Whse_J,Category_005,2012/10/24,3000 
Product_0031,Whse_J,Category_005,2012/11/12,400 
Product_0943,Whse_J,Category_005,2012/12/6,1000 
Product_1570,Whse_J,Category_019,2012/1/19,500 
Product_1648,Whse_J,Category_019,2012/1/5,500 
Product_1570,Whse_J,Category_019,2012/1/30,500 
Product_1651,Whse_J,Category_019,2012/1/25,1000 
Product_1570,Whse_J,Category_019,2012/2/14,500 
Product_1651,Whse_J,Category_019,2012/2/9,1000 
Product_1570,Whse_J,Category_019,2012/3/8,500 
Product_1570,Whse_J,Category_019,2012/3/5,500 
Product_1651,Whse_J,Category_019,2012/3/9,1000 
Product_1648,Whse_J,Category_019,2012/3/6,500 
Product_1648,Whse_J,Category_019,2012/3/7,500 
Product_1570,Whse_J,Category_019,2012/3/29,500 
Product_1651,Whse_J,Category_019,2012/4/3,1000 
Product_1570,Whse_J,Category_019,2012/4/23,500 
Product_1570,Whse_J,Category_019,2012/5/25,500 
Product_1651,Whse_J,Category_019,2012/5/14,1000 
Product_1570,Whse_J,Category_019,2012/5/24,500 
Product_1570,Whse_J,Category_019,2012/6/7,500 
Product_1570,Whse_J,Category_019,2012/6/27,500 
Product_1570,Whse_J,Category_019,2012/7/13,500 
Product_1651,Whse_J,Category_019,2012/7/6,1000 
Product_1570,Whse_J,Category_019,2012/7/30,500 
Product_1570,Whse_J,Category_019,2012/8/17,500 
Product_1570,Whse_J,Category_019,2012/8/9,500 
Product_1651,Whse_J,Category_019,2012/7/31,1000 
Product_1570,Whse_J,Category_019,2012/8/27,500 
Product_1570,Whse_J,Category_019,2012/9/6,500 
Product_1651,Whse_J,Category_019,2012/8/27,1000 
Product_1651,Whse_J,Category_019,2012/8/30,1000 
Product_1651,Whse_J,Category_019,2012/9/5,1000 
Product_1570,Whse_J,Category_019,2012/9/25,500 
Product_1570,Whse_J,Category_019,2012/10/18,500 
Product_1570,Whse_J,Category_019,2012/11/19,500 
Product_1651,Whse_J,Category_019,2012/11/1,1000 
Product_1570,Whse_J,Category_019,2012/11/21,500 
Product_1651,Whse_J,Category_019,2012/11/20,1000 
Product_1570,Whse_J,Category_019,2012/12/5,500 
Product_1651,Whse_J,Category_019,2012/12/5,1000 
Product_1570,Whse_J,Category_019,2012/12/20,500 
Product_1905,Whse_J,Category_019,2012/1/6,2100 
Product_1901,Whse_J,Category_019,2012/1/12,2200 
Product_1905,Whse_J,Category_019,2012/1/12,2300 
Product_1905,Whse_J,Category_019,2012/1/19,2100 
Product_1901,Whse_J,Category_019,2012/1/25,3000 
Product_1905,Whse_J,Category_019,2012/1/25,3000 
Product_1903,Whse_J,Category_019,2012/1/31,700 
Product_1905,Whse_J,Category_019,2012/1/31,2400 
Product_1905,Whse_J,Category_019,2012/2/8,2600 
Product_1901,Whse_J,Category_019,2012/2/14,2400 
Product_1905,Whse_J,Category_019,2012/2/15,2100 
Product_1905,Whse_J,Category_019,2012/2/22,2900 
Product_1901,Whse_J,Category_019,2012/2/23,2100 
Product_1905,Whse_J,Category_019,2012/2/27,2200 
Product_1903,Whse_J,Category_019,2012/3/2,600 
Product_1905,Whse_J,Category_019,2012/3/2,2100 
Product_1901,Whse_J,Category_019,2012/3/7,4000 
Product_1903,Whse_J,Category_019,2012/3/8,600 
Product_1905,Whse_J,Category_019,2012/3/8,2100 
Product_1905,Whse_J,Category_019,2012/3/13,2100 
Product_1903,Whse_J,Category_019,2012/3/22,600 
Product_1903,Whse_J,Category_019,2012/3/22,100 
Product_1905,Whse_J,Category_019,2012/3/22,2900 
Product_1901,Whse_J,Category_019,2012/3/26,2200 
Product_1905,Whse_J,Category_019,2012/3/28,2900 
Product_1905,Whse_J,Category_019,2012/4/6,2100 
Product_1901,Whse_J,Category_019,2012/4/11,2100 
Product_1905,Whse_J,Category_019,2012/4/16,2100 
Product_1903,Whse_J,Category_019,2012/4/20,600 
Product_1901,Whse_J,Category_019,2012/4/23,2400 
Product_1905,Whse_J,Category_019,2012/4/23,2200 
Product_1905,Whse_J,Category_019,2012/4/27,2500 
Product_1905,Whse_J,Category_019,2012/5/8,2600 
Product_1901,Whse_J,Category_019,2012/5/9,2100 
Product_1903,Whse_J,Category_019,2012/5/11,900 
Product_1901,Whse_J,Category_019,2012/5/16,2200 
Product_1905,Whse_J,Category_019,2012/5/18,2100 
Product_1901,Whse_J,Category_019,2012/5/22,2100 
Product_1905,Whse_J,Category_019,2012/5/25,2300 
Product_1905,Whse_J,Category_019,2012/5/31,2300 
Product_1901,Whse_J,Category_019,2012/6/6,2300 
Product_1905,Whse_J,Category_019,2012/6/6,2100 
Product_1905,Whse_J,Category_019,2012/6/14,2400 
Product_1901,Whse_J,Category_019,2012/6/20,2900 
Product_1905,Whse_J,Category_019,2012/6/21,2200 
Product_1901,Whse_J,Category_019,2012/6/21,2100 
Product_1903,Whse_J,Category_019,2012/6/22,600 
Product_1905,Whse_J,Category_019,2012/6/25,2100 
Product_1901,Whse_J,Category_019,2012/6/29,2100 
Product_1905,Whse_J,Category_019,2012/7/2,2300 
Product_1905,Whse_J,Category_019,2012/7/9,2200 
Product_1901,Whse_J,Category_019,2012/7/10,2200 
Product_1903,Whse_J,Category_019,2012/7/13,600 
Product_1905,Whse_J,Category_019,2012/7/19,2700 
Product_1905,Whse_J,Category_019,2012/7/25,2200 
Product_1901,Whse_J,Category_019,2012/7/30,2100 
Product_1905,Whse_J,Category_019,2012/7/30,2100 
Product_1901,Whse_J,Category_019,2012/8/2,2200 
Product_1905,Whse_J,Category_019,2012/8/3,2200 
Product_1903,Whse_J,Category_019,2012/8/9,1000 
Product_1905,Whse_J,Category_019,2012/8/27,2400 
Product_1901,Whse_J,Category_019,2012/8/27,2600 
Product_1905,Whse_J,Category_019,2012/8/20,2100 
Product_1903,Whse_J,Category_019,2012/8/22,1000 
Product_1901,Whse_J,Category_019,2012/8/23,3000 
Product_1905,Whse_J,Category_019,2012/8/23,4000 
Product_1905,Whse_J,Category_019,2012/8/31,3000 
Product_1905,Whse_J,Category_019,2012/9/7,3000 
Product_1901,Whse_J,Category_019,2012/9/7,3000 
Product_1903,Whse_J,Category_019,2012/9/12,1000 
Product_1905,Whse_J,Category_019,2012/9/20,3000 
Product_1905,Whse_J,Category_019,2012/9/28,3000 
Product_1901,Whse_J,Category_019,2012/9/28,3000 
Product_1905,Whse_J,Category_019,2012/10/9,3000 
Product_1903,Whse_J,Category_019,2012/10/11,1000 
Product_1901,Whse_J,Category_019,2012/10/12,3000 
Product_1903,Whse_J,Category_019,2012/10/17,1000 
Product_1905,Whse_J,Category_019,2012/10/17,3000 
Product_1905,Whse_J,Category_019,2012/10/24,3000 
Product_1901,Whse_J,Category_019,2012/10/25,3000 
Product_1905,Whse_J,Category_019,2012/11/5,3000 
Product_1901,Whse_J,Category_019,2012/11/7,3000 
Product_1905,Whse_J,Category_019,2012/11/14,3000 
Product_1905,Whse_J,Category_019,2012/11/26,3000 
Product_1901,Whse_J,Category_019,2012/11/30,3000 
Product_1905,Whse_J,Category_019,2012/12/4,3000 
Product_1905,Whse_J,Category_019,2012/12/10,3000 
Product_1903,Whse_J,Category_019,2012/12/11,1000 
Product_1905,Whse_J,Category_019,2012/12/13,3000 
Product_1901,Whse_J,Category_019,2012/12/17,3000 
Product_1905,Whse_J,Category_019,2012/12/19,3000 
Product_1901,Whse_J,Category_019,2012/12/21,6000 
Product_1905,Whse_J,Category_019,2012/12/21,7000 
Product_1186,Whse_J,Category_019,2012/3/1,900 
Product_1186,Whse_J,Category_019,2012/3/28,300 
Product_1512,Whse_J,Category_019,2012/3/9,100 
Product_0620,Whse_J,Category_001,2012/2/1,1 
Product_1757,Whse_J,Category_001,2012/1/10,2 
Product_1763,Whse_J,Category_001,2012/1/10,2 
Product_0620,Whse_J,Category_001,2012/1/20,3 
Product_1757,Whse_J,Category_001,2011/12/28,4 
Product_0613,Whse_J,Category_001,2012/1/26,2 
Product_0620,Whse_J,Category_001,2012/1/26,2 
Product_0620,Whse_J,Category_001,2012/2/1,4 
Product_0608,Whse_J,Category_001,2012/1/26,1 
Product_1752,Whse_J,Category_001,2012/2/2,1 
Product_1755,Whse_J,Category_001,2012/2/2,1 
Product_1757,Whse_J,Category_001,2012/2/2,3 
Product_1763,Whse_J,Category_001,2012/2/2,1 
Product_0620,Whse_J,Category_001,2012/1/20,2 
Product_0601,Whse_J,Category_001,2012/2/9,50 
Product_0601,Whse_J,Category_001,2012/2/16,50 
Product_1755,Whse_J,Category_001,2012/2/27,1 
Product_1757,Whse_J,Category_001,2012/3/21,4 
Product_0608,Whse_J,Category_001,2012/3/22,2 
Product_0613,Whse_J,Category_001,2012/3/22,2 
Product_1757,Whse_J,Category_001,2012/4/9,1 
Product_1757,Whse_J,Category_001,2012/4/25,1 
Product_1763,Whse_J,Category_001,2012/4/10,2 
Product_0601,Whse_J,Category_001,2012/5/11,50 
Product_1757,Whse_J,Category_001,2012/5/8,4 
Product_1763,Whse_J,Category_001,2012/5/8,4 
Product_1757,Whse_J,Category_001,2012/6/15,1 
Product_0613,Whse_J,Category_001,2012/6/15,1 
Product_0620,Whse_J,Category_001,2012/6/15,2 
Product_1752,Whse_J,Category_001,2012/6/15,2 
Product_1755,Whse_J,Category_001,2012/6/15,2 
Product_0613,Whse_J,Category_001,2012/6/29,1 
Product_0608,Whse_J,Category_001,2012/6/29,1 
Product_0620,Whse_J,Category_001,2012/6/29,1 
Product_1752,Whse_J,Category_001,2012/6/29,1 
Product_1755,Whse_J,Category_001,2012/6/29,1 
Product_1757,Whse_J,Category_001,2012/6/29,1 
Product_1763,Whse_J,Category_001,2012/6/29,1 
Product_0620,Whse_J,Category_001,2012/7/17,3 
Product_0623,Whse_J,Category_001,2012/9/14,3 
Product_0623,Whse_J,Category_001,2012/9/18,1 
Product_0623,Whse_J,Category_001,2012/9/18,2 
Product_0623,Whse_J,Category_001,2012/9/19,1 
Product_0623,Whse_J,Category_001,2012/9/20,2 
Product_0623,Whse_J,Category_001,2012/9/20,1 
Product_0623,Whse_J,Category_001,2012/9/21,2 
Product_0623,Whse_J,Category_001,2012/9/24,1 
Product_0623,Whse_J,Category_001,2012/9/24,1 
Product_0613,Whse_J,Category_001,2012/9/18,1 
Product_0620,Whse_J,Category_001,2012/9/18,1 
Product_0613,Whse_J,Category_001,2012/9/20,1 
Product_0620,Whse_J,Category_001,2012/9/20,1 
Product_0608,Whse_J,Category_001,2012/9/18,1 
Product_0608,Whse_J,Category_001,2012/9/20,1 
Product_0608,Whse_J,Category_001,2012/9/11,2 
Product_0613,Whse_J,Category_001,2012/9/11,2 
Product_0620,Whse_J,Category_001,2012/9/11,2 
Product_1757,Whse_J,Category_001,2012/9/11,2 
Product_1763,Whse_J,Category_001,2012/9/11,2 
Product_0613,Whse_J,Category_001,2012/9/12,1 
Product_0620,Whse_J,Category_001,2012/9/12,1 
Product_1757,Whse_J,Category_001,2012/9/12,1 
Product_1763,Whse_J,Category_001,2012/9/12,1 
Product_1757,Whse_J,Category_001,2012/9/25,4 
Product_1763,Whse_J,Category_001,2012/9/25,4 
Product_1757,Whse_J,Category_001,2012/10/18,1 
Product_1752,Whse_J,Category_001,2012/10/18,2 
Product_1755,Whse_J,Category_001,2012/10/18,2 
Product_0608,Whse_J,Category_001,2012/11/8,1 
Product_0613,Whse_J,Category_001,2012/11/8,1 
Product_0620,Whse_J,Category_001,2012/11/8,1 
Product_0620,Whse_J,Category_001,2012/12/12,2 
Product_0613,Whse_J,Category_001,2012/12/12,3 
Product_0620,Whse_J,Category_001,2012/12/12,1 
Product_1986,Whse_J,Category_005,2012/2/28,100 
Product_1991,Whse_J,Category_005,2012/1/27,200 
Product_0957,Whse_J,Category_005,2012/2/9,100 
Product_0957,Whse_J,Category_005,2012/2/16,100 
Product_1986,Whse_J,Category_005,2012/3/5,100 
Product_1986,Whse_J,Category_005,2012/3/13,100 
Product_1991,Whse_J,Category_005,2012/3/1,200 
Product_1991,Whse_J,Category_005,2012/2/15,500 
Product_1999,Whse_J,Category_005,2012/2/27,1000 
Product_1991,Whse_J,Category_005,2012/3/2,800 
Product_1999,Whse_J,Category_005,2012/3/16,1000 
Product_1991,Whse_J,Category_005,2012/3/19,200 
Product_1991,Whse_J,Category_005,2012/3/26,200 
Product_1991,Whse_J,Category_005,2012/3/27,1000 
Product_2001,Whse_J,Category_005,2012/4/9,400 
Product_2006,Whse_J,Category_005,2012/4/9,400 
Product_1991,Whse_J,Category_005,2012/4/6,800 
Product_1991,Whse_J,Category_005,2012/5/7,500 
Product_1986,Whse_J,Category_005,2012/6/14,300 
Product_1986,Whse_J,Category_005,2012/6/20,300 
Product_1999,Whse_J,Category_005,2012/6/5,1000 
Product_0957,Whse_J,Category_005,2012/5/29,100 
Product_1991,Whse_J,Category_005,2012/6/6,400 
Product_2010,Whse_J,Category_005,2012/6/8,100 
Product_2001,Whse_J,Category_005,2012/6/15,300 
Product_2006,Whse_J,Category_005,2012/6/15,200 
Product_1999,Whse_J,Category_005,2012/6/18,2000 
Product_1991,Whse_J,Category_005,2012/6/25,300 
Product_1991,Whse_J,Category_005,2012/7/17,700 
Product_2001,Whse_J,Category_005,2012/7/2,300 
Product_0020,Whse_J,Category_005,2012/6/29,100 
Product_2006,Whse_J,Category_005,2012/6/29,200 
Product_0957,Whse_J,Category_005,2012/8/16,100 
Product_0957,Whse_J,Category_005,2012/8/30,100 
Product_1986,Whse_J,Category_005,2012/9/13,100 
Product_0957,Whse_J,Category_005,2012/8/27,200 
Product_1991,Whse_J,Category_005,2012/8/29,1000 
Product_1999,Whse_J,Category_005,2012/9/11,1000 
Product_1991,Whse_J,Category_005,2012/9/13,600 
Product_2001,Whse_J,Category_005,2012/9/18,300 
Product_2001,Whse_J,Category_005,2012/9/20,300 
Product_0020,Whse_J,Category_005,2012/9/18,100 
Product_0020,Whse_J,Category_005,2012/9/20,100 
Product_2006,Whse_J,Category_005,2012/9/18,200 
Product_2006,Whse_J,Category_005,2012/9/20,200 
Product_1999,Whse_J,Category_005,2012/10/11,1000 
Product_0031,Whse_J,Category_005,2012/11/8,100 
Product_1991,Whse_J,Category_005,2012/11/28,100 
Product_0929,Whse_J,Category_006,2012/1/26,2000 
Product_0929,Whse_J,Category_006,2012/2/9,3000 
Product_0929,Whse_J,Category_006,2012/2/13,1000 
Product_0929,Whse_J,Category_006,2012/3/6,2000 
Product_0929,Whse_J,Category_006,2012/3/8,1000 
Product_0929,Whse_J,Category_006,2012/3/22,5000 
Product_0929,Whse_J,Category_006,2012/3/22,1000 
Product_0929,Whse_J,Category_006,2012/4/9,4000 
Product_0929,Whse_J,Category_006,2012/4/17,1000 
Product_0929,Whse_J,Category_006,2012/4/18,3000 
Product_0929,Whse_J,Category_006,2012/5/11,2000 
Product_0929,Whse_J,Category_006,2012/5/18,1000 
Product_0929,Whse_J,Category_006,2012/5/29,1000 
Product_0929,Whse_J,Category_006,2012/6/15,2000 
Product_0929,Whse_J,Category_006,2012/6/27,1000 
Product_0929,Whse_J,Category_006,2012/6/29,3000 
Product_0929,Whse_J,Category_006,2012/7/17,3000 
Product_0929,Whse_J,Category_006,2012/9/18,3000 
